event_id,timestamp,station_id,tool_id,controller_id,model_code,program_id,fastening_point,batch_id,shift,torque_nm,angle_deg,current_a,cycle_time_s,retry_count,result,alarm_code,calibration_days_remaining,scenario_label
EVT-00001,2026-07-14T08:00:00,ST-FAS-07,TOOL-TG-07,CTRL-TG-07,DEMO-A,PGM-A-07,P01,BATCH-DEMO-01,A,31.765,84.831,6.161,4.669,0,OK,,38,normal
EVT-00151,2026-07-14T08:01:00,ST-FAS-07,TOOL-TG-07,CTRL-TG-07,DEMO-A,PGM-A-07,P02,BATCH-DEMO-01,A,41.14,89.748,6.249,4.773,0,OK,,38,normal
EVT-00002,2026-07-14T08:02:00,ST-FAS-07,TOOL-TG-07,CTRL-TG-07,DEMO-A,PGM-A-07,P01,BATCH-DEMO-01,A,31.924,83.357,5.973,4.73,0,OK,,38,normal
EVT-00301,2026-07-14T08:02:00,ST-FAS-07,TOOL-TG-07,CTRL-TG-07,DEMO-A,PGM-A-07,P03,BATCH-DEMO-01,A,48.354,93.176,6.434,4.875,0,OK,,45,normal
EVT-00152,2026-07-14T08:03:00,ST-FAS-07,TOOL-TG-07,CTRL-TG-07,DEMO-A,PGM-A-07,P02,BATCH-DEMO-01,A,40.109,87.601,6.125,4.606,0,OK,,38,normal
EVT-00521,2026-07-14T08:03:00,ST-FAS-07,TOOL-TG-07,CTRL-TG-07,DEMO-A,PGM-A-07,P04,BATCH-DEMO-01,A,55.901,106.296,6.397,4.886,0,OK,,38,normal
EVT-00003,2026-07-14T08:04:00,ST-FAS-07,TOOL-TG-07,CTRL-TG-07,DEMO-A,PGM-A-07,P01,BATCH-DEMO-01,A,31.793,80.505,6.01,4.668,0,OK,,38,normal
EVT-00302,2026-07-14T08:04:00,ST-FAS-07,TOOL-TG-07,CTRL-TG-07,DEMO-A,PGM-A-07,P03,BATCH-DEMO-01,A,48.267,96.977,6.27,4.826,0,OK,,45,normal
EVT-00671,2026-07-14T08:04:00,ST-FAS-07,TOOL-TG-07,CTRL-TG-07,DEMO-A,PGM-A-07,P05,BATCH-DEMO-01,A,63.482,108.41,6.716,4.814,0,OK,,38,normal
EVT-00153,2026-07-14T08:05:00,ST-FAS-07,TOOL-TG-07,CTRL-TG-07,DEMO-A,PGM-A-07,P02,BATCH-DEMO-01,A,40.253,89.501,6.158,4.699,0,OK,,38,normal
EVT-00522,2026-07-14T08:05:00,ST-FAS-07,TOOL-TG-07,CTRL-TG-07,DEMO-A,PGM-A-07,P04,BATCH-DEMO-01,A,55.931,105.482,6.563,4.834,0,OK,,38,normal
EVT-00004,2026-07-14T08:06:00,ST-FAS-07,TOOL-TG-07,CTRL-TG-07,DEMO-A,PGM-A-07,P01,BATCH-DEMO-01,A,32.194,81.127,6.071,4.45,0,OK,,38,normal
EVT-00303,2026-07-14T08:06:00,ST-FAS-07,TOOL-TG-07,CTRL-TG-07,DEMO-A,PGM-A-07,P03,BATCH-DEMO-01,A,48.012,98.571,6.351,4.592,0,OK,,45,normal
EVT-00672,2026-07-14T08:06:00,ST-FAS-07,TOOL-TG-07,CTRL-TG-07,DEMO-A,PGM-A-07,P05,BATCH-DEMO-01,A,64.868,112.196,6.755,5.089,0,OK,,38,normal
EVT-00154,2026-07-14T08:07:00,ST-FAS-07,TOOL-TG-07,CTRL-TG-07,DEMO-A,PGM-A-07,P02,BATCH-DEMO-01,A,39.87,87.336,6.493,4.823,0,OK,,38,normal
EVT-00523,2026-07-14T08:07:00,ST-FAS-07,TOOL-TG-07,CTRL-TG-07,DEMO-A,PGM-A-07,P04,BATCH-DEMO-01,A,55.771,105.839,6.563,4.909,0,OK,,38,normal
EVT-00005,2026-07-14T08:08:00,ST-FAS-07,TOOL-TG-07,CTRL-TG-07,DEMO-A,PGM-A-07,P01,BATCH-DEMO-01,A,32.318,85.465,6.412,4.432,0,OK,,38,normal
EVT-00304,2026-07-14T08:08:00,ST-FAS-07,TOOL-TG-07,CTRL-TG-07,DEMO-A,PGM-A-07,P03,BATCH-DEMO-01,A,48.086,94.008,6.586,4.862,0,OK,,45,normal
EVT-00673,2026-07-14T08:08:00,ST-FAS-07,TOOL-TG-07,CTRL-TG-07,DEMO-A,PGM-A-07,P05,BATCH-DEMO-01,A,62.887,112.917,6.877,5.134,0,OK,,38,normal
EVT-00155,2026-07-14T08:09:00,ST-FAS-07,TOOL-TG-07,CTRL-TG-07,DEMO-A,PGM-A-07,P02,BATCH-DEMO-01,A,40.188,86.95,6.308,4.774,0,OK,,38,normal
EVT-00524,2026-07-14T08:09:00,ST-FAS-07,TOOL-TG-07,CTRL-TG-07,DEMO-A,PGM-A-07,P04,BATCH-DEMO-01,A,55.729,102.334,6.502,4.87,1,OK,,38,normal
EVT-00006,2026-07-14T08:10:00,ST-FAS-07,TOOL-TG-07,CTRL-TG-07,DEMO-A,PGM-A-07,P01,BATCH-DEMO-01,A,32.628,83.18,6.077,4.608,0,OK,,38,normal
EVT-00305,2026-07-14T08:10:00,ST-FAS-07,TOOL-TG-07,CTRL-TG-07,DEMO-A,PGM-A-07,P03,BATCH-DEMO-01,A,48.357,92.208,6.34,4.789,0,OK,,45,normal
EVT-00674,2026-07-14T08:10:00,ST-FAS-07,TOOL-TG-07,CTRL-TG-07,DEMO-A,PGM-A-07,P05,BATCH-DEMO-01,A,64.042,112.098,6.803,5.077,0,OK,,38,normal
EVT-00156,2026-07-14T08:11:00,ST-FAS-07,TOOL-TG-07,CTRL-TG-07,DEMO-A,PGM-A-07,P02,BATCH-DEMO-01,A,40.407,90.408,6.291,4.704,1,OK,,38,normal
EVT-00525,2026-07-14T08:11:00,ST-FAS-07,TOOL-TG-07,CTRL-TG-07,DEMO-A,PGM-A-07,P04,BATCH-DEMO-01,A,57.587,100.56,6.704,4.879,0,OK,,38,normal
EVT-00007,2026-07-14T08:12:00,ST-FAS-07,TOOL-TG-07,CTRL-TG-07,DEMO-A,PGM-A-07,P01,BATCH-DEMO-01,A,31.874,80.912,6.122,4.689,0,OK,,38,normal
EVT-00306,2026-07-14T08:12:00,ST-FAS-07,TOOL-TG-07,CTRL-TG-07,DEMO-A,PGM-A-07,P03,BATCH-DEMO-01,A,48.148,94.034,6.619,4.77,0,OK,,45,normal
EVT-00675,2026-07-14T08:12:00,ST-FAS-07,TOOL-TG-07,CTRL-TG-07,DEMO-A,PGM-A-07,P05,BATCH-DEMO-01,A,64.602,113.422,6.685,4.915,0,OK,,38,normal
EVT-00157,2026-07-14T08:13:00,ST-FAS-07,TOOL-TG-07,CTRL-TG-07,DEMO-A,PGM-A-07,P02,BATCH-DEMO-01,A,40.699,85.284,6.488,4.871,1,OK,,38,normal
EVT-00526,2026-07-14T08:13:00,ST-FAS-07,TOOL-TG-07,CTRL-TG-07,DEMO-A,PGM-A-07,P04,BATCH-DEMO-01,A,56.43,106.477,6.793,5.007,0,OK,,38,normal
EVT-00008,2026-07-14T08:14:00,ST-FAS-07,TOOL-TG-07,CTRL-TG-07,DEMO-A,PGM-A-07,P01,BATCH-DEMO-01,A,32.046,82.932,6.097,4.799,0,OK,,38,normal
EVT-00307,2026-07-14T08:14:00,ST-FAS-07,TOOL-TG-07,CTRL-TG-07,DEMO-A,PGM-A-07,P03,BATCH-DEMO-01,A,48.001,94.272,6.436,5.033,0,OK,,44,normal
EVT-00676,2026-07-14T08:14:00,ST-FAS-07,TOOL-TG-07,CTRL-TG-07,DEMO-A,PGM-A-07,P05,BATCH-DEMO-01,A,63.154,114.44,6.695,4.96,0,OK,,38,normal
EVT-00158,2026-07-14T08:15:00,ST-FAS-07,TOOL-TG-07,CTRL-TG-07,DEMO-A,PGM-A-07,P02,BATCH-DEMO-01,A,39.353,90.091,6.131,4.701,0,OK,,38,normal
EVT-00527,2026-07-14T08:15:00,ST-FAS-07,TOOL-TG-07,CTRL-TG-07,DEMO-A,PGM-A-07,P04,BATCH-DEMO-01,A,57.129,105.674,6.573,4.957,1,OK,,38,normal
EVT-00009,2026-07-14T08:16:00,ST-FAS-07,TOOL-TG-07,CTRL-TG-07,DEMO-A,PGM-A-07,P01,BATCH-DEMO-01,A,32.063,86.355,5.997,4.591,0,OK,,38,normal
EVT-00308,2026-07-14T08:16:00,ST-FAS-07,TOOL-TG-07,CTRL-TG-07,DEMO-A,PGM-A-07,P03,BATCH-DEMO-01,A,48.695,98.237,6.503,4.741,0,OK,,44,normal
EVT-00677,2026-07-14T08:16:00,ST-FAS-07,TOOL-TG-07,CTRL-TG-07,DEMO-A,PGM-A-07,P05,BATCH-DEMO-01,A,64.117,109.241,6.869,4.898,0,OK,,38,normal
EVT-00159,2026-07-14T08:17:00,ST-FAS-07,TOOL-TG-07,CTRL-TG-07,DEMO-A,PGM-A-07,P02,BATCH-DEMO-01,A,41.048,88.961,6.126,4.659,0,OK,,38,normal
EVT-00528,2026-07-14T08:17:00,ST-FAS-07,TOOL-TG-07,CTRL-TG-07,DEMO-A,PGM-A-07,P04,BATCH-DEMO-01,A,56.151,105.811,6.512,4.971,0,OK,,38,normal
EVT-00010,2026-07-14T08:18:00,ST-FAS-07,TOOL-TG-07,CTRL-TG-07,DEMO-A,PGM-A-07,P01,BATCH-DEMO-01,A,32.407,82.687,6.016,4.581,0,OK,,38,normal
EVT-00309,2026-07-14T08:18:00,ST-FAS-07,TOOL-TG-07,CTRL-TG-07,DEMO-A,PGM-A-07,P03,BATCH-DEMO-01,A,48.492,98.059,6.501,4.922,0,OK,,44,normal
EVT-00678,2026-07-14T08:18:00,ST-FAS-07,TOOL-TG-07,CTRL-TG-07,DEMO-A,PGM-A-07,P05,BATCH-DEMO-01,A,64.63,113.156,6.671,4.95,0,OK,,38,normal
EVT-00160,2026-07-14T08:19:00,ST-FAS-07,TOOL-TG-07,CTRL-TG-07,DEMO-A,PGM-A-07,P02,BATCH-DEMO-01,A,40.121,85.135,6.204,4.648,0,OK,,38,normal
EVT-00529,2026-07-14T08:19:00,ST-FAS-07,TOOL-TG-07,CTRL-TG-07,DEMO-A,PGM-A-07,P04,BATCH-DEMO-01,A,56.756,106.022,6.739,4.964,0,OK,,38,normal
EVT-00011,2026-07-14T08:20:00,ST-FAS-07,TOOL-TG-07,CTRL-TG-07,DEMO-A,PGM-A-07,P01,BATCH-DEMO-01,A,31.827,84.717,5.95,4.726,0,OK,,38,normal
EVT-00310,2026-07-14T08:20:00,ST-FAS-07,TOOL-TG-07,CTRL-TG-07,DEMO-A,PGM-A-07,P03,BATCH-DEMO-01,A,47.883,93.058,6.5,4.965,0,OK,,44,normal
EVT-00679,2026-07-14T08:20:00,ST-FAS-07,TOOL-TG-07,CTRL-TG-07,DEMO-A,PGM-A-07,P05,BATCH-DEMO-01,A,64.219,112.458,6.844,4.934,0,OK,,38,normal
EVT-00161,2026-07-14T08:21:00,ST-FAS-07,TOOL-TG-07,CTRL-TG-07,DEMO-A,PGM-A-07,P02,BATCH-DEMO-01,A,39.902,89.014,6.042,4.746,0,OK,,38,normal
EVT-00530,2026-07-14T08:21:00,ST-FAS-07,TOOL-TG-07,CTRL-TG-07,DEMO-A,PGM-A-07,P04,BATCH-DEMO-01,A,55.172,103.54,6.533,4.776,0,OK,,38,normal
EVT-00012,2026-07-14T08:22:00,ST-FAS-07,TOOL-TG-07,CTRL-TG-07,DEMO-A,PGM-A-07,P01,BATCH-DEMO-01,A,31.95,82.149,6.0,4.776,0,OK,,38,normal
EVT-00311,2026-07-14T08:22:00,ST-FAS-07,TOOL-TG-07,CTRL-TG-07,DEMO-A,PGM-A-07,P03,BATCH-DEMO-01,A,48.959,97.409,6.501,4.6,0,OK,,44,normal
EVT-00680,2026-07-14T08:22:00,ST-FAS-07,TOOL-TG-07,CTRL-TG-07,DEMO-A,PGM-A-07,P05,BATCH-DEMO-01,A,63.101,110.714,6.745,4.934,0,OK,,38,normal
EVT-00162,2026-07-14T08:23:00,ST-FAS-07,TOOL-TG-07,CTRL-TG-07,DEMO-A,PGM-A-07,P02,BATCH-DEMO-01,A,39.504,91.59,6.382,4.727,0,OK,,38,normal
EVT-00531,2026-07-14T08:23:00,ST-FAS-07,TOOL-TG-07,CTRL-TG-07,DEMO-A,PGM-A-07,P04,BATCH-DEMO-01,A,56.607,106.951,6.696,4.73,0,OK,,38,normal
EVT-00013,2026-07-14T08:24:00,ST-FAS-07,TOOL-TG-07,CTRL-TG-07,DEMO-A,PGM-A-07,P01,BATCH-DEMO-01,A,31.799,81.447,6.055,4.526,0,OK,,38,normal
EVT-00312,2026-07-14T08:24:00,ST-FAS-07,TOOL-TG-07,CTRL-TG-07,DEMO-A,PGM-A-07,P03,BATCH-DEMO-01,A,49.166,94.497,6.164,4.982,0,OK,,44,normal
EVT-00681,2026-07-14T08:24:00,ST-FAS-07,TOOL-TG-07,CTRL-TG-07,DEMO-A,PGM-A-07,P05,BATCH-DEMO-01,A,63.427,115.538,6.878,4.94,0,OK,,38,normal
EVT-00163,2026-07-14T08:25:00,ST-FAS-07,TOOL-TG-07,CTRL-TG-07,DEMO-A,PGM-A-07,P02,BATCH-DEMO-01,A,39.352,90.516,6.294,4.738,0,OK,,38,normal
EVT-00532,2026-07-14T08:25:00,ST-FAS-07,TOOL-TG-07,CTRL-TG-07,DEMO-A,PGM-A-07,P04,BATCH-DEMO-01,A,56.598,103.128,6.552,4.831,0,OK,,38,normal
EVT-00014,2026-07-14T08:26:00,ST-FAS-07,TOOL-TG-07,CTRL-TG-07,DEMO-A,PGM-A-07,P01,BATCH-DEMO-01,A,32.33,81.65,5.968,4.797,0,OK,,38,normal
EVT-00313,2026-07-14T08:26:00,ST-FAS-07,TOOL-TG-07,CTRL-TG-07,DEMO-A,PGM-A-07,P03,BATCH-DEMO-01,A,47.772,95.124,6.639,4.904,0,OK,,43,normal
EVT-00682,2026-07-14T08:26:00,ST-FAS-07,TOOL-TG-07,CTRL-TG-07,DEMO-A,PGM-A-07,P05,BATCH-DEMO-01,A,64.804,114.252,6.551,5.07,0,OK,,38,normal
EVT-00164,2026-07-14T08:27:00,ST-FAS-07,TOOL-TG-07,CTRL-TG-07,DEMO-A,PGM-A-07,P02,BATCH-DEMO-01,A,39.646,85.872,6.104,4.785,0,OK,,38,normal
EVT-00533,2026-07-14T08:27:00,ST-FAS-07,TOOL-TG-07,CTRL-TG-07,DEMO-A,PGM-A-07,P04,BATCH-DEMO-01,A,55.809,104.357,6.553,4.729,0,OK,,38,normal
EVT-00015,2026-07-14T08:28:00,ST-FAS-07,TOOL-TG-07,CTRL-TG-07,DEMO-A,PGM-A-07,P01,BATCH-DEMO-01,A,32.093,87.04,5.946,4.648,0,OK,,38,normal
EVT-00314,2026-07-14T08:28:00,ST-FAS-07,TOOL-TG-07,CTRL-TG-07,DEMO-A,PGM-A-07,P03,BATCH-DEMO-01,A,47.819,94.612,6.4,4.739,0,OK,,43,normal
EVT-00683,2026-07-14T08:28:00,ST-FAS-07,TOOL-TG-07,CTRL-TG-07,DEMO-A,PGM-A-07,P05,BATCH-DEMO-01,A,64.377,112.58,6.696,5.113,0,OK,,38,normal
EVT-00165,2026-07-14T08:29:00,ST-FAS-07,TOOL-TG-07,CTRL-TG-07,DEMO-A,PGM-A-07,P02,BATCH-DEMO-01,A,40.085,89.845,6.302,4.458,0,OK,,38,normal
EVT-00534,2026-07-14T08:29:00,ST-FAS-07,TOOL-TG-07,CTRL-TG-07,DEMO-A,PGM-A-07,P04,BATCH-DEMO-01,A,56.278,106.33,6.436,4.877,0,OK,,38,normal
EVT-00016,2026-07-14T08:30:00,ST-FAS-07,TOOL-TG-07,CTRL-TG-07,DEMO-A,PGM-A-07,P01,BATCH-DEMO-01,A,32.621,81.913,6.205,4.63,1,OK,,38,normal
EVT-00315,2026-07-14T08:30:00,ST-FAS-07,TOOL-TG-07,CTRL-TG-07,DEMO-A,PGM-A-07,P03,BATCH-DEMO-01,A,47.853,91.95,6.284,4.829,0,OK,,43,normal
EVT-00684,2026-07-14T08:30:00,ST-FAS-07,TOOL-TG-07,CTRL-TG-07,DEMO-A,PGM-A-07,P05,BATCH-DEMO-01,A,64.477,111.822,6.571,5.066,0,OK,,38,normal
EVT-00166,2026-07-14T08:31:00,ST-FAS-07,TOOL-TG-07,CTRL-TG-07,DEMO-A,PGM-A-07,P02,BATCH-DEMO-01,A,38.832,92.553,6.362,4.599,0,OK,,38,normal
EVT-00535,2026-07-14T08:31:00,ST-FAS-07,TOOL-TG-07,CTRL-TG-07,DEMO-A,PGM-A-07,P04,BATCH-DEMO-01,A,55.85,101.408,6.614,5.103,0,OK,,38,normal
EVT-00017,2026-07-14T08:32:00,ST-FAS-07,TOOL-TG-07,CTRL-TG-07,DEMO-A,PGM-A-07,P01,BATCH-DEMO-01,A,31.925,78.263,5.912,4.612,0,OK,,38,normal
EVT-00316,2026-07-14T08:32:00,ST-FAS-07,TOOL-TG-07,CTRL-TG-07,DEMO-A,PGM-A-07,P03,BATCH-DEMO-01,A,48.23,97.185,6.267,4.765,0,OK,,43,normal
EVT-00685,2026-07-14T08:32:00,ST-FAS-07,TOOL-TG-07,CTRL-TG-07,DEMO-A,PGM-A-07,P05,BATCH-DEMO-01,A,64.005,111.865,6.748,4.82,0,OK,,38,normal
EVT-00167,2026-07-14T08:33:00,ST-FAS-07,TOOL-TG-07,CTRL-TG-07,DEMO-A,PGM-A-07,P02,BATCH-DEMO-01,A,40.092,88.797,6.415,4.647,0,OK,,38,normal
EVT-00536,2026-07-14T08:33:00,ST-FAS-07,TOOL-TG-07,CTRL-TG-07,DEMO-A,PGM-A-07,P04,BATCH-DEMO-01,A,57.202,104.185,6.57,4.864,0,OK,,38,normal
EVT-00018,2026-07-14T08:34:00,ST-FAS-07,TOOL-TG-07,CTRL-TG-07,DEMO-A,PGM-A-07,P01,BATCH-DEMO-01,A,31.776,79.542,6.125,4.54,0,OK,,38,normal
EVT-00317,2026-07-14T08:34:00,ST-FAS-07,TOOL-TG-07,CTRL-TG-07,DEMO-A,PGM-A-07,P03,BATCH-DEMO-01,A,48.854,98.122,6.558,4.722,0,OK,,43,normal
EVT-00686,2026-07-14T08:34:00,ST-FAS-07,TOOL-TG-07,CTRL-TG-07,DEMO-A,PGM-A-07,P05,BATCH-DEMO-01,A,63.469,113.969,6.65,5.064,0,OK,,38,normal
EVT-00168,2026-07-14T08:35:00,ST-FAS-07,TOOL-TG-07,CTRL-TG-07,DEMO-A,PGM-A-07,P02,BATCH-DEMO-01,A,40.533,88.257,6.207,4.702,0,OK,,38,normal
EVT-00537,2026-07-14T08:35:00,ST-FAS-07,TOOL-TG-07,CTRL-TG-07,DEMO-A,PGM-A-07,P04,BATCH-DEMO-01,A,55.219,105.522,6.692,4.801,0,OK,,38,normal
EVT-00019,2026-07-14T08:36:00,ST-FAS-07,TOOL-TG-07,CTRL-TG-07,DEMO-A,PGM-A-07,P01,BATCH-DEMO-01,A,31.554,85.822,6.176,4.69,0,OK,,38,normal
EVT-00318,2026-07-14T08:36:00,ST-FAS-07,TOOL-TG-07,CTRL-TG-07,DEMO-A,PGM-A-07,P03,BATCH-DEMO-01,A,47.516,88.6,6.308,4.814,0,OK,,43,normal
EVT-00687,2026-07-14T08:36:00,ST-FAS-07,TOOL-TG-07,CTRL-TG-07,DEMO-A,PGM-A-07,P05,BATCH-DEMO-01,A,63.988,110.684,6.772,4.96,0,OK,,38,normal
EVT-00169,2026-07-14T08:37:00,ST-FAS-07,TOOL-TG-07,CTRL-TG-07,DEMO-A,PGM-A-07,P02,BATCH-DEMO-01,A,40.255,90.505,6.027,4.702,0,OK,,38,normal
EVT-00538,2026-07-14T08:37:00,ST-FAS-07,TOOL-TG-07,CTRL-TG-07,DEMO-A,PGM-A-07,P04,BATCH-DEMO-01,A,56.175,102.361,6.583,4.942,0,OK,,38,normal
EVT-00020,2026-07-14T08:38:00,ST-FAS-07,TOOL-TG-07,CTRL-TG-07,DEMO-A,PGM-A-07,P01,BATCH-DEMO-01,A,33.097,82.057,6.218,4.605,0,OK,,38,normal
EVT-00319,2026-07-14T08:38:00,ST-FAS-07,TOOL-TG-07,CTRL-TG-07,DEMO-A,PGM-A-07,P03,BATCH-DEMO-01,A,48.399,92.071,6.321,4.73,0,OK,,42,normal
EVT-00688,2026-07-14T08:38:00,ST-FAS-07,TOOL-TG-07,CTRL-TG-07,DEMO-A,PGM-A-07,P05,BATCH-DEMO-01,A,62.047,113.331,7.051,4.919,0,OK,,38,normal
EVT-00170,2026-07-14T08:39:00,ST-FAS-07,TOOL-TG-07,CTRL-TG-07,DEMO-A,PGM-A-07,P02,BATCH-DEMO-01,A,40.859,88.494,6.307,4.809,0,OK,,38,normal
EVT-00539,2026-07-14T08:39:00,ST-FAS-07,TOOL-TG-07,CTRL-TG-07,DEMO-A,PGM-A-07,P04,BATCH-DEMO-01,A,55.564,103.418,6.467,4.857,0,OK,,38,normal
EVT-00021,2026-07-14T08:40:00,ST-FAS-07,TOOL-TG-07,CTRL-TG-07,DEMO-A,PGM-A-07,P01,BATCH-DEMO-01,A,31.874,79.434,6.301,4.548,0,OK,,38,normal
EVT-00320,2026-07-14T08:40:00,ST-FAS-07,TOOL-TG-07,CTRL-TG-07,DEMO-A,PGM-A-07,P03,BATCH-DEMO-01,A,48.208,93.343,6.362,4.782,0,OK,,42,normal
EVT-00689,2026-07-14T08:40:00,ST-FAS-07,TOOL-TG-07,CTRL-TG-07,DEMO-A,PGM-A-07,P05,BATCH-DEMO-01,A,64.228,115.331,6.887,5.147,0,OK,,38,normal
EVT-00171,2026-07-14T08:41:00,ST-FAS-07,TOOL-TG-07,CTRL-TG-07,DEMO-A,PGM-A-07,P02,BATCH-DEMO-01,A,40.869,91.198,6.251,4.633,0,OK,,38,normal
EVT-00540,2026-07-14T08:41:00,ST-FAS-07,TOOL-TG-07,CTRL-TG-07,DEMO-A,PGM-A-07,P04,BATCH-DEMO-01,A,56.2,106.591,6.556,4.874,0,OK,,38,normal
EVT-00022,2026-07-14T08:42:00,ST-FAS-07,TOOL-TG-07,CTRL-TG-07,DEMO-A,PGM-A-07,P01,BATCH-DEMO-01,A,31.939,79.078,6.092,4.595,0,OK,,38,normal
EVT-00321,2026-07-14T08:42:00,ST-FAS-07,TOOL-TG-07,CTRL-TG-07,DEMO-A,PGM-A-07,P03,BATCH-DEMO-01,A,48.319,93.439,6.518,4.759,0,OK,,42,normal
EVT-00690,2026-07-14T08:42:00,ST-FAS-07,TOOL-TG-07,CTRL-TG-07,DEMO-A,PGM-A-07,P05,BATCH-DEMO-01,A,64.074,113.449,6.91,5.145,0,OK,,38,normal
EVT-00172,2026-07-14T08:43:00,ST-FAS-07,TOOL-TG-07,CTRL-TG-07,DEMO-A,PGM-A-07,P02,BATCH-DEMO-01,A,38.777,86.669,6.386,4.76,0,OK,,38,normal
EVT-00541,2026-07-14T08:43:00,ST-FAS-07,TOOL-TG-07,CTRL-TG-07,DEMO-A,PGM-A-07,P04,BATCH-DEMO-01,A,55.63,103.875,6.524,4.912,0,OK,,38,normal
EVT-00023,2026-07-14T08:44:00,ST-FAS-07,TOOL-TG-07,CTRL-TG-07,DEMO-A,PGM-A-07,P01,BATCH-DEMO-01,A,31.44,82.301,6.285,4.829,0,OK,,38,normal
EVT-00322,2026-07-14T08:44:00,ST-FAS-07,TOOL-TG-07,CTRL-TG-07,DEMO-A,PGM-A-07,P03,BATCH-DEMO-01,A,48.593,96.826,6.362,4.799,0,OK,,42,normal
EVT-00691,2026-07-14T08:44:00,ST-FAS-07,TOOL-TG-07,CTRL-TG-07,DEMO-A,PGM-A-07,P05,BATCH-DEMO-01,A,63.797,111.779,6.88,4.911,0,OK,,38,normal
EVT-00173,2026-07-14T08:45:00,ST-FAS-07,TOOL-TG-07,CTRL-TG-07,DEMO-A,PGM-A-07,P02,BATCH-DEMO-01,A,39.365,86.245,5.992,4.489,0,OK,,38,normal
EVT-00542,2026-07-14T08:45:00,ST-FAS-07,TOOL-TG-07,CTRL-TG-07,DEMO-A,PGM-A-07,P04,BATCH-DEMO-01,A,55.182,106.942,6.763,5.013,0,OK,,38,normal
EVT-00024,2026-07-14T08:46:00,ST-FAS-07,TOOL-TG-07,CTRL-TG-07,DEMO-A,PGM-A-07,P01,BATCH-DEMO-01,A,32.163,81.766,6.031,4.834,0,OK,,38,normal
EVT-00323,2026-07-14T08:46:00,ST-FAS-07,TOOL-TG-07,CTRL-TG-07,DEMO-A,PGM-A-07,P03,BATCH-DEMO-01,A,48.66,92.764,6.306,4.887,0,OK,,42,normal
EVT-00692,2026-07-14T08:46:00,ST-FAS-07,TOOL-TG-07,CTRL-TG-07,DEMO-A,PGM-A-07,P05,BATCH-DEMO-01,A,63.929,112.034,6.762,5.183,0,OK,,38,normal
EVT-00174,2026-07-14T08:47:00,ST-FAS-07,TOOL-TG-07,CTRL-TG-07,DEMO-A,PGM-A-07,P02,BATCH-DEMO-01,A,40.639,93.557,6.168,4.699,0,OK,,38,normal
EVT-00543,2026-07-14T08:47:00,ST-FAS-07,TOOL-TG-07,CTRL-TG-07,DEMO-A,PGM-A-07,P04,BATCH-DEMO-01,A,55.552,108.03,6.685,5.034,0,OK,,38,normal
EVT-00025,2026-07-14T08:48:00,ST-FAS-07,TOOL-TG-07,CTRL-TG-07,DEMO-A,PGM-A-07,P01,BATCH-DEMO-01,A,32.173,83.154,6.076,4.796,0,OK,,38,normal
EVT-00324,2026-07-14T08:48:00,ST-FAS-07,TOOL-TG-07,CTRL-TG-07,DEMO-A,PGM-A-07,P03,BATCH-DEMO-01,A,47.528,94.95,6.416,4.768,0,OK,,42,normal
EVT-00693,2026-07-14T08:48:00,ST-FAS-07,TOOL-TG-07,CTRL-TG-07,DEMO-A,PGM-A-07,P05,BATCH-DEMO-01,A,63.806,111.899,6.671,5.05,0,OK,,38,normal
EVT-00175,2026-07-14T08:49:00,ST-FAS-07,TOOL-TG-07,CTRL-TG-07,DEMO-A,PGM-A-07,P02,BATCH-DEMO-01,A,39.538,90.544,6.187,4.721,0,OK,,38,normal
EVT-00544,2026-07-14T08:49:00,ST-FAS-07,TOOL-TG-07,CTRL-TG-07,DEMO-A,PGM-A-07,P04,BATCH-DEMO-01,A,57.287,104.739,6.353,4.98,0,OK,,38,normal
EVT-00026,2026-07-14T08:50:00,ST-FAS-07,TOOL-TG-07,CTRL-TG-07,DEMO-A,PGM-A-07,P01,BATCH-DEMO-01,A,33.165,81.603,6.228,4.648,0,OK,,38,normal
EVT-00325,2026-07-14T08:50:00,ST-FAS-07,TOOL-TG-07,CTRL-TG-07,DEMO-A,PGM-A-07,P03,BATCH-DEMO-01,A,48.268,98.625,6.497,4.835,0,OK,,41,normal
EVT-00694,2026-07-14T08:50:00,ST-FAS-07,TOOL-TG-07,CTRL-TG-07,DEMO-A,PGM-A-07,P05,BATCH-DEMO-01,A,64.068,115.043,6.635,5.12,0,OK,,38,normal
EVT-00176,2026-07-14T08:51:00,ST-FAS-07,TOOL-TG-07,CTRL-TG-07,DEMO-A,PGM-A-07,P02,BATCH-DEMO-01,A,40.578,88.226,6.155,4.628,0,OK,,38,normal
EVT-00545,2026-07-14T08:51:00,ST-FAS-07,TOOL-TG-07,CTRL-TG-07,DEMO-A,PGM-A-07,P04,BATCH-DEMO-01,A,55.744,104.413,6.767,4.818,0,OK,,38,normal
EVT-00027,2026-07-14T08:52:00,ST-FAS-07,TOOL-TG-07,CTRL-TG-07,DEMO-A,PGM-A-07,P01,BATCH-DEMO-01,A,32.836,81.408,6.047,4.746,0,OK,,38,normal
EVT-00326,2026-07-14T08:52:00,ST-FAS-07,TOOL-TG-07,CTRL-TG-07,DEMO-A,PGM-A-07,P03,BATCH-DEMO-01,A,48.674,97.272,6.365,4.906,0,OK,,41,normal
EVT-00695,2026-07-14T08:52:00,ST-FAS-07,TOOL-TG-07,CTRL-TG-07,DEMO-A,PGM-A-07,P05,BATCH-DEMO-01,A,63.254,110.848,6.765,4.811,0,OK,,38,normal
EVT-00177,2026-07-14T08:53:00,ST-FAS-07,TOOL-TG-07,CTRL-TG-07,DEMO-A,PGM-A-07,P02,BATCH-DEMO-01,A,41.549,89.484,6.23,4.597,0,OK,,38,normal
EVT-00546,2026-07-14T08:53:00,ST-FAS-07,TOOL-TG-07,CTRL-TG-07,DEMO-A,PGM-A-07,P04,BATCH-DEMO-01,A,54.398,101.552,6.628,5.132,0,OK,,38,normal
EVT-00028,2026-07-14T08:54:00,ST-FAS-07,TOOL-TG-07,CTRL-TG-07,DEMO-A,PGM-A-07,P01,BATCH-DEMO-01,A,31.184,82.182,5.81,4.573,0,OK,,38,normal
EVT-00327,2026-07-14T08:54:00,ST-FAS-07,TOOL-TG-07,CTRL-TG-07,DEMO-A,PGM-A-07,P03,BATCH-DEMO-01,A,48.153,96.314,6.524,4.859,0,OK,,41,normal
EVT-00696,2026-07-14T08:54:00,ST-FAS-07,TOOL-TG-07,CTRL-TG-07,DEMO-A,PGM-A-07,P05,BATCH-DEMO-01,A,63.68,112.884,6.941,5.01,0,OK,,38,normal
EVT-00178,2026-07-14T08:55:00,ST-FAS-07,TOOL-TG-07,CTRL-TG-07,DEMO-A,PGM-A-07,P02,BATCH-DEMO-01,A,38.963,90.953,6.086,4.702,0,OK,,38,normal
EVT-00547,2026-07-14T08:55:00,ST-FAS-07,TOOL-TG-07,CTRL-TG-07,DEMO-A,PGM-A-07,P04,BATCH-DEMO-01,A,55.243,107.187,6.708,4.994,0,OK,,38,normal
EVT-00029,2026-07-14T08:56:00,ST-FAS-07,TOOL-TG-07,CTRL-TG-07,DEMO-A,PGM-A-07,P01,BATCH-DEMO-01,A,32.031,81.55,5.968,4.605,0,OK,,38,normal
EVT-00328,2026-07-14T08:56:00,ST-FAS-07,TOOL-TG-07,CTRL-TG-07,DEMO-A,PGM-A-07,P03,BATCH-DEMO-01,A,48.646,92.157,6.453,4.996,0,OK,,41,normal
EVT-00697,2026-07-14T08:56:00,ST-FAS-07,TOOL-TG-07,CTRL-TG-07,DEMO-A,PGM-A-07,P05,BATCH-DEMO-01,A,64.914,113.037,6.773,5.026,0,OK,,38,normal
EVT-00179,2026-07-14T08:57:00,ST-FAS-07,TOOL-TG-07,CTRL-TG-07,DEMO-A,PGM-A-07,P02,BATCH-DEMO-01,A,39.827,91.69,6.324,4.613,0,OK,,38,normal
EVT-00548,2026-07-14T08:57:00,ST-FAS-07,TOOL-TG-07,CTRL-TG-07,DEMO-A,PGM-A-07,P04,BATCH-DEMO-01,A,56.379,98.133,6.68,4.978,0,OK,,38,normal
EVT-00030,2026-07-14T08:58:00,ST-FAS-07,TOOL-TG-07,CTRL-TG-07,DEMO-A,PGM-A-07,P01,BATCH-DEMO-01,A,31.71,80.316,6.287,4.447,0,OK,,38,normal
EVT-00329,2026-07-14T08:58:00,ST-FAS-07,TOOL-TG-07,CTRL-TG-07,DEMO-A,PGM-A-07,P03,BATCH-DEMO-01,A,48.292,96.186,6.175,4.732,0,OK,,41,normal
EVT-00698,2026-07-14T08:58:00,ST-FAS-07,TOOL-TG-07,CTRL-TG-07,DEMO-A,PGM-A-07,P05,BATCH-DEMO-01,A,64.363,110.019,6.97,4.798,0,OK,,38,normal
EVT-00180,2026-07-14T08:59:00,ST-FAS-07,TOOL-TG-07,CTRL-TG-07,DEMO-A,PGM-A-07,P02,BATCH-DEMO-01,A,40.584,88.958,6.24,4.988,0,OK,,38,normal
EVT-00549,2026-07-14T08:59:00,ST-FAS-07,TOOL-TG-07,CTRL-TG-07,DEMO-A,PGM-A-07,P04,BATCH-DEMO-01,A,54.881,106.212,6.366,4.813,0,OK,,38,normal
EVT-00031,2026-07-14T09:00:00,ST-FAS-07,TOOL-TG-07,CTRL-TG-07,DEMO-A,PGM-A-07,P01,BATCH-DEMO-01,A,31.976,80.673,5.952,4.567,0,OK,,38,normal
EVT-00330,2026-07-14T09:00:00,ST-FAS-07,TOOL-TG-07,CTRL-TG-07,DEMO-A,PGM-A-07,P03,BATCH-DEMO-01,A,48.277,96.418,6.452,4.722,0,OK,,41,normal
EVT-00699,2026-07-14T09:00:00,ST-FAS-07,TOOL-TG-07,CTRL-TG-07,DEMO-A,PGM-A-07,P05,BATCH-DEMO-01,A,64.157,111.708,6.805,4.858,0,OK,,38,normal
EVT-00181,2026-07-14T09:01:00,ST-FAS-07,TOOL-TG-07,CTRL-TG-07,DEMO-A,PGM-A-07,P02,BATCH-DEMO-01,A,39.813,90.733,6.165,4.774,0,OK,,38,normal
EVT-00550,2026-07-14T09:01:00,ST-FAS-07,TOOL-TG-07,CTRL-TG-07,DEMO-A,PGM-A-07,P04,BATCH-DEMO-01,A,55.804,103.741,6.632,4.773,0,OK,,38,normal
EVT-00032,2026-07-14T09:02:00,ST-FAS-07,TOOL-TG-07,CTRL-TG-07,DEMO-A,PGM-A-07,P01,BATCH-DEMO-01,A,31.531,82.272,6.101,4.727,0,OK,,38,normal
EVT-00331,2026-07-14T09:02:00,ST-FAS-07,TOOL-TG-07,CTRL-TG-07,DEMO-A,PGM-A-07,P03,BATCH-DEMO-01,A,48.215,95.686,6.286,4.841,0,OK,,40,normal
EVT-00700,2026-07-14T09:02:00,ST-FAS-07,TOOL-TG-07,CTRL-TG-07,DEMO-A,PGM-A-07,P05,BATCH-DEMO-01,A,63.813,109.115,6.593,5.079,0,OK,,38,normal
EVT-00182,2026-07-14T09:03:00,ST-FAS-07,TOOL-TG-07,CTRL-TG-07,DEMO-A,PGM-A-07,P02,BATCH-DEMO-01,A,39.794,88.832,6.544,4.695,0,OK,,38,normal
EVT-00551,2026-07-14T09:03:00,ST-FAS-07,TOOL-TG-07,CTRL-TG-07,DEMO-A,PGM-A-07,P04,BATCH-DEMO-01,A,55.739,104.375,6.588,4.76,0,OK,,38,normal
EVT-00033,2026-07-14T09:04:00,ST-FAS-07,TOOL-TG-07,CTRL-TG-07,DEMO-A,PGM-A-07,P01,BATCH-DEMO-01,A,31.937,80.701,6.069,4.498,0,OK,,38,normal
EVT-00332,2026-07-14T09:04:00,ST-FAS-07,TOOL-TG-07,CTRL-TG-07,DEMO-A,PGM-A-07,P03,BATCH-DEMO-01,A,46.4,97.846,6.473,4.823,0,OK,,40,normal
EVT-00701,2026-07-14T09:04:00,ST-FAS-07,TOOL-TG-07,CTRL-TG-07,DEMO-A,PGM-A-07,P05,BATCH-DEMO-01,A,62.782,111.466,6.493,4.881,0,OK,,38,normal
EVT-00183,2026-07-14T09:05:00,ST-FAS-07,TOOL-TG-07,CTRL-TG-07,DEMO-A,PGM-A-07,P02,BATCH-DEMO-01,A,39.781,94.825,6.217,4.653,0,OK,,38,normal
EVT-00552,2026-07-14T09:05:00,ST-FAS-07,TOOL-TG-07,CTRL-TG-07,DEMO-A,PGM-A-07,P04,BATCH-DEMO-01,A,55.767,104.302,6.599,4.953,0,OK,,38,normal
EVT-00034,2026-07-14T09:06:00,ST-FAS-07,TOOL-TG-07,CTRL-TG-07,DEMO-A,PGM-A-07,P01,BATCH-DEMO-01,A,31.866,80.265,6.279,4.542,0,OK,,38,normal
EVT-00333,2026-07-14T09:06:00,ST-FAS-07,TOOL-TG-07,CTRL-TG-07,DEMO-A,PGM-A-07,P03,BATCH-DEMO-01,A,47.434,94.187,6.462,5.055,0,OK,,40,normal
EVT-00702,2026-07-14T09:06:00,ST-FAS-07,TOOL-TG-07,CTRL-TG-07,DEMO-A,PGM-A-07,P05,BATCH-DEMO-01,A,64.098,109.393,6.809,5.1,0,OK,,38,normal
EVT-00184,2026-07-14T09:07:00,ST-FAS-07,TOOL-TG-07,CTRL-TG-07,DEMO-A,PGM-A-07,P02,BATCH-DEMO-01,A,40.589,91.399,6.472,4.876,0,OK,,38,normal
EVT-00553,2026-07-14T09:07:00,ST-FAS-07,TOOL-TG-07,CTRL-TG-07,DEMO-A,PGM-A-07,P04,BATCH-DEMO-01,A,55.927,101.706,6.712,5.022,0,OK,,38,normal
EVT-00035,2026-07-14T09:08:00,ST-FAS-07,TOOL-TG-07,CTRL-TG-07,DEMO-A,PGM-A-07,P01,BATCH-DEMO-01,A,31.561,82.969,6.328,4.744,0,OK,,38,normal
EVT-00334,2026-07-14T09:08:00,ST-FAS-07,TOOL-TG-07,CTRL-TG-07,DEMO-A,PGM-A-07,P03,BATCH-DEMO-01,A,48.515,98.43,6.385,4.903,0,OK,,40,normal
EVT-00703,2026-07-14T09:08:00,ST-FAS-07,TOOL-TG-07,CTRL-TG-07,DEMO-A,PGM-A-07,P05,BATCH-DEMO-01,A,63.425,113.125,6.567,4.864,0,OK,,38,normal
EVT-00185,2026-07-14T09:09:00,ST-FAS-07,TOOL-TG-07,CTRL-TG-07,DEMO-A,PGM-A-07,P02,BATCH-DEMO-01,A,40.027,96.993,6.284,4.728,0,OK,,38,normal
EVT-00554,2026-07-14T09:09:00,ST-FAS-07,TOOL-TG-07,CTRL-TG-07,DEMO-A,PGM-A-07,P04,BATCH-DEMO-01,A,54.876,105.588,6.388,4.922,0,OK,,38,normal
EVT-00036,2026-07-14T09:10:00,ST-FAS-07,TOOL-TG-07,CTRL-TG-07,DEMO-A,PGM-A-07,P01,BATCH-DEMO-01,A,31.702,80.145,5.981,4.654,0,OK,,38,normal
EVT-00335,2026-07-14T09:10:00,ST-FAS-07,TOOL-TG-07,CTRL-TG-07,DEMO-A,PGM-A-07,P03,BATCH-DEMO-01,A,48.756,96.223,6.223,4.871,0,OK,,40,normal
EVT-00704,2026-07-14T09:10:00,ST-FAS-07,TOOL-TG-07,CTRL-TG-07,DEMO-A,PGM-A-07,P05,BATCH-DEMO-01,A,62.79,115.804,6.746,4.969,0,OK,,38,normal
EVT-00186,2026-07-14T09:11:00,ST-FAS-07,TOOL-TG-07,CTRL-TG-07,DEMO-A,PGM-A-07,P02,BATCH-DEMO-01,A,38.865,85.464,6.314,4.775,0,OK,,38,normal
EVT-00555,2026-07-14T09:11:00,ST-FAS-07,TOOL-TG-07,CTRL-TG-07,DEMO-A,PGM-A-07,P04,BATCH-DEMO-01,A,57.028,103.918,6.655,4.687,1,OK,,38,normal
EVT-00037,2026-07-14T09:12:00,ST-FAS-07,TOOL-TG-07,CTRL-TG-07,DEMO-A,PGM-A-07,P01,BATCH-DEMO-01,A,32.48,81.847,6.004,4.684,0,OK,,38,normal
EVT-00336,2026-07-14T09:12:00,ST-FAS-07,TOOL-TG-07,CTRL-TG-07,DEMO-A,PGM-A-07,P03,BATCH-DEMO-01,A,48.017,92.53,6.404,4.935,0,OK,,40,normal
EVT-00705,2026-07-14T09:12:00,ST-FAS-07,TOOL-TG-07,CTRL-TG-07,DEMO-A,PGM-A-07,P05,BATCH-DEMO-01,A,64.33,114.392,6.761,4.93,0,OK,,38,normal
EVT-00187,2026-07-14T09:13:00,ST-FAS-07,TOOL-TG-07,CTRL-TG-07,DEMO-A,PGM-A-07,P02,BATCH-DEMO-01,A,40.49,89.919,6.134,4.969,0,OK,,38,normal
EVT-00556,2026-07-14T09:13:00,ST-FAS-07,TOOL-TG-07,CTRL-TG-07,DEMO-A,PGM-A-07,P04,BATCH-DEMO-01,A,56.752,104.819,6.753,4.961,0,OK,,38,normal
EVT-00038,2026-07-14T09:14:00,ST-FAS-07,TOOL-TG-07,CTRL-TG-07,DEMO-A,PGM-A-07,P01,BATCH-DEMO-01,A,31.753,80.851,6.175,4.644,0,OK,,38,normal
EVT-00337,2026-07-14T09:14:00,ST-FAS-07,TOOL-TG-07,CTRL-TG-07,DEMO-A,PGM-A-07,P03,BATCH-DEMO-01,A,47.681,94.873,6.55,4.825,0,OK,,39,normal
EVT-00706,2026-07-14T09:14:00,ST-FAS-07,TOOL-TG-07,CTRL-TG-07,DEMO-A,PGM-A-07,P05,BATCH-DEMO-01,A,63.172,112.147,6.767,5.11,0,OK,,38,normal
EVT-00188,2026-07-14T09:15:00,ST-FAS-07,TOOL-TG-07,CTRL-TG-07,DEMO-A,PGM-A-07,P02,BATCH-DEMO-01,A,40.532,90.025,6.283,4.758,0,OK,,38,normal
EVT-00557,2026-07-14T09:15:00,ST-FAS-07,TOOL-TG-07,CTRL-TG-07,DEMO-A,PGM-A-07,P04,BATCH-DEMO-01,A,55.31,102.277,6.557,4.866,0,OK,,38,normal
EVT-00039,2026-07-14T09:16:00,ST-FAS-07,TOOL-TG-07,CTRL-TG-07,DEMO-A,PGM-A-07,P01,BATCH-DEMO-01,A,32.466,80.683,6.127,4.637,0,OK,,38,normal
EVT-00338,2026-07-14T09:16:00,ST-FAS-07,TOOL-TG-07,CTRL-TG-07,DEMO-A,PGM-A-07,P03,BATCH-DEMO-01,A,48.326,94.109,6.215,4.889,0,OK,,39,normal
EVT-00707,2026-07-14T09:16:00,ST-FAS-07,TOOL-TG-07,CTRL-TG-07,DEMO-A,PGM-A-07,P05,BATCH-DEMO-01,A,63.378,111.79,6.797,5.051,0,OK,,38,normal
EVT-00189,2026-07-14T09:17:00,ST-FAS-07,TOOL-TG-07,CTRL-TG-07,DEMO-A,PGM-A-07,P02,BATCH-DEMO-01,A,39.484,86.836,6.298,4.804,0,OK,,38,normal
EVT-00558,2026-07-14T09:17:00,ST-FAS-07,TOOL-TG-07,CTRL-TG-07,DEMO-A,PGM-A-07,P04,BATCH-DEMO-01,A,56.016,100.471,6.349,4.785,0,OK,,38,normal
EVT-00040,2026-07-14T09:18:00,ST-FAS-07,TOOL-TG-07,CTRL-TG-07,DEMO-A,PGM-A-07,P01,BATCH-DEMO-01,A,31.072,81.845,6.261,4.75,0,OK,,38,normal
EVT-00339,2026-07-14T09:18:00,ST-FAS-07,TOOL-TG-07,CTRL-TG-07,DEMO-A,PGM-A-07,P03,BATCH-DEMO-01,A,49.05,97.18,6.374,4.922,0,OK,,39,normal
EVT-00708,2026-07-14T09:18:00,ST-FAS-07,TOOL-TG-07,CTRL-TG-07,DEMO-A,PGM-A-07,P05,BATCH-DEMO-01,A,64.476,108.91,6.735,4.953,0,OK,,38,normal
EVT-00190,2026-07-14T09:19:00,ST-FAS-07,TOOL-TG-07,CTRL-TG-07,DEMO-A,PGM-A-07,P02,BATCH-DEMO-01,A,40.173,89.656,6.229,4.78,0,OK,,38,normal
EVT-00559,2026-07-14T09:19:00,ST-FAS-07,TOOL-TG-07,CTRL-TG-07,DEMO-A,PGM-A-07,P04,BATCH-DEMO-01,A,55.465,105.323,6.666,4.978,0,OK,,38,normal
EVT-00041,2026-07-14T09:20:00,ST-FAS-07,TOOL-TG-07,CTRL-TG-07,DEMO-A,PGM-A-07,P01,BATCH-DEMO-01,A,31.953,81.719,6.196,4.637,0,OK,,38,normal
EVT-00340,2026-07-14T09:20:00,ST-FAS-07,TOOL-TG-07,CTRL-TG-07,DEMO-A,PGM-A-07,P03,BATCH-DEMO-01,A,48.153,93.064,6.541,4.775,0,OK,,39,normal
EVT-00709,2026-07-14T09:20:00,ST-FAS-07,TOOL-TG-07,CTRL-TG-07,DEMO-A,PGM-A-07,P05,BATCH-DEMO-01,A,63.03,113.705,6.722,5.123,0,OK,,38,normal
EVT-00191,2026-07-14T09:21:00,ST-FAS-07,TOOL-TG-07,CTRL-TG-07,DEMO-A,PGM-A-07,P02,BATCH-DEMO-01,A,40.579,90.358,6.125,4.843,0,OK,,38,normal
EVT-00560,2026-07-14T09:21:00,ST-FAS-07,TOOL-TG-07,CTRL-TG-07,DEMO-A,PGM-A-07,P04,BATCH-DEMO-01,A,55.626,104.94,6.508,4.686,0,OK,,38,normal
EVT-00042,2026-07-14T09:22:00,ST-FAS-07,TOOL-TG-07,CTRL-TG-07,DEMO-A,PGM-A-07,P01,BATCH-DEMO-01,A,30.969,81.482,5.887,4.492,0,OK,,38,normal
EVT-00341,2026-07-14T09:22:00,ST-FAS-07,TOOL-TG-07,CTRL-TG-07,DEMO-A,PGM-A-07,P03,BATCH-DEMO-01,A,47.317,94.67,6.411,4.621,0,OK,,39,normal
EVT-00710,2026-07-14T09:22:00,ST-FAS-07,TOOL-TG-07,CTRL-TG-07,DEMO-A,PGM-A-07,P05,BATCH-DEMO-01,A,63.772,111.638,6.992,5.094,0,OK,,38,normal
EVT-00192,2026-07-14T09:23:00,ST-FAS-07,TOOL-TG-07,CTRL-TG-07,DEMO-A,PGM-A-07,P02,BATCH-DEMO-01,A,40.635,89.112,6.346,4.669,0,OK,,38,normal
EVT-00561,2026-07-14T09:23:00,ST-FAS-07,TOOL-TG-07,CTRL-TG-07,DEMO-A,PGM-A-07,P04,BATCH-DEMO-01,A,56.995,105.186,6.581,4.889,0,OK,,38,normal
EVT-00043,2026-07-14T09:24:00,ST-FAS-07,TOOL-TG-07,CTRL-TG-07,DEMO-A,PGM-A-07,P01,BATCH-DEMO-01,A,31.4,81.492,6.306,4.623,0,OK,,38,normal
EVT-00342,2026-07-14T09:24:00,ST-FAS-07,TOOL-TG-07,CTRL-TG-07,DEMO-A,PGM-A-07,P03,BATCH-DEMO-01,A,48.479,96.102,6.356,4.936,0,OK,,39,normal
EVT-00711,2026-07-14T09:24:00,ST-FAS-07,TOOL-TG-07,CTRL-TG-07,DEMO-A,PGM-A-07,P05,BATCH-DEMO-01,A,62.971,114.263,6.879,4.752,0,OK,,38,normal
EVT-00193,2026-07-14T09:25:00,ST-FAS-07,TOOL-TG-07,CTRL-TG-07,DEMO-A,PGM-A-07,P02,BATCH-DEMO-01,A,40.62,89.984,6.145,4.628,0,OK,,38,normal
EVT-00562,2026-07-14T09:25:00,ST-FAS-07,TOOL-TG-07,CTRL-TG-07,DEMO-A,PGM-A-07,P04,BATCH-DEMO-01,A,55.576,106.601,6.637,4.789,0,OK,,38,normal
EVT-00044,2026-07-14T09:26:00,ST-FAS-07,TOOL-TG-07,CTRL-TG-07,DEMO-A,PGM-A-07,P01,BATCH-DEMO-01,A,31.991,84.704,6.079,4.712,0,OK,,38,normal
EVT-00343,2026-07-14T09:26:00,ST-FAS-07,TOOL-TG-07,CTRL-TG-07,DEMO-A,PGM-A-07,P03,BATCH-DEMO-01,A,47.519,93.997,6.483,4.847,0,OK,,38,normal
EVT-00712,2026-07-14T09:26:00,ST-FAS-07,TOOL-TG-07,CTRL-TG-07,DEMO-A,PGM-A-07,P05,BATCH-DEMO-01,A,64.981,113.115,6.675,5.016,0,OK,,38,normal
EVT-00194,2026-07-14T09:27:00,ST-FAS-07,TOOL-TG-07,CTRL-TG-07,DEMO-A,PGM-A-07,P02,BATCH-DEMO-01,A,40.051,89.529,6.186,4.814,0,OK,,38,normal
EVT-00563,2026-07-14T09:27:00,ST-FAS-07,TOOL-TG-07,CTRL-TG-07,DEMO-A,PGM-A-07,P04,BATCH-DEMO-01,A,55.484,105.816,6.535,4.922,0,OK,,38,normal
EVT-00045,2026-07-14T09:28:00,ST-FAS-07,TOOL-TG-07,CTRL-TG-07,DEMO-A,PGM-A-07,P01,BATCH-DEMO-01,A,31.481,80.738,6.023,4.837,0,OK,,38,normal
EVT-00344,2026-07-14T09:28:00,ST-FAS-07,TOOL-TG-07,CTRL-TG-07,DEMO-A,PGM-A-07,P03,BATCH-DEMO-01,A,48.473,95.21,6.297,4.831,0,OK,,38,normal
EVT-00713,2026-07-14T09:28:00,ST-FAS-07,TOOL-TG-07,CTRL-TG-07,DEMO-A,PGM-A-07,P05,BATCH-DEMO-01,A,64.165,114.564,6.814,4.885,0,OK,,38,normal
EVT-00195,2026-07-14T09:29:00,ST-FAS-07,TOOL-TG-07,CTRL-TG-07,DEMO-A,PGM-A-07,P02,BATCH-DEMO-01,A,39.727,91.144,6.162,4.876,0,OK,,38,normal
EVT-00564,2026-07-14T09:29:00,ST-FAS-07,TOOL-TG-07,CTRL-TG-07,DEMO-A,PGM-A-07,P04,BATCH-DEMO-01,A,56.269,107.562,6.428,5.0,0,OK,,38,normal
EVT-00046,2026-07-14T09:30:00,ST-FAS-07,TOOL-TG-07,CTRL-TG-07,DEMO-A,PGM-A-07,P01,BATCH-DEMO-01,A,30.937,82.854,6.097,4.759,0,OK,,38,normal
EVT-00345,2026-07-14T09:30:00,ST-FAS-07,TOOL-TG-07,CTRL-TG-07,DEMO-A,PGM-A-07,P03,BATCH-DEMO-01,A,48.283,94.652,6.694,4.886,0,OK,,38,normal
EVT-00714,2026-07-14T09:30:00,ST-FAS-07,TOOL-TG-07,CTRL-TG-07,DEMO-A,PGM-A-07,P05,BATCH-DEMO-01,A,63.322,112.134,6.629,4.961,0,OK,,38,normal
EVT-00196,2026-07-14T09:31:00,ST-FAS-07,TOOL-TG-07,CTRL-TG-07,DEMO-A,PGM-A-07,P02,BATCH-DEMO-01,A,40.684,87.489,6.445,4.808,0,OK,,38,normal
EVT-00565,2026-07-14T09:31:00,ST-FAS-07,TOOL-TG-07,CTRL-TG-07,DEMO-A,PGM-A-07,P04,BATCH-DEMO-01,A,56.155,103.353,6.484,4.776,0,OK,,38,normal
EVT-00047,2026-07-14T09:32:00,ST-FAS-07,TOOL-TG-07,CTRL-TG-07,DEMO-A,PGM-A-07,P01,BATCH-DEMO-01,A,32.584,78.176,6.004,4.558,0,OK,,38,normal
EVT-00346,2026-07-14T09:32:00,ST-FAS-07,TOOL-TG-07,CTRL-TG-07,DEMO-A,PGM-A-07,P03,BATCH-DEMO-01,A,47.896,94.841,6.343,4.8,0,OK,,38,normal
EVT-00715,2026-07-14T09:32:00,ST-FAS-07,TOOL-TG-07,CTRL-TG-07,DEMO-A,PGM-A-07,P05,BATCH-DEMO-01,A,63.808,111.023,6.724,5.047,0,OK,,38,normal
EVT-00197,2026-07-14T09:33:00,ST-FAS-07,TOOL-TG-07,CTRL-TG-07,DEMO-A,PGM-A-07,P02,BATCH-DEMO-01,A,39.657,89.133,5.996,4.838,0,OK,,38,normal
EVT-00566,2026-07-14T09:33:00,ST-FAS-07,TOOL-TG-07,CTRL-TG-07,DEMO-A,PGM-A-07,P04,BATCH-DEMO-01,A,55.236,102.881,6.512,4.782,0,OK,,38,normal
EVT-00048,2026-07-14T09:34:00,ST-FAS-07,TOOL-TG-07,CTRL-TG-07,DEMO-A,PGM-A-07,P01,BATCH-DEMO-01,A,31.616,81.066,6.104,4.445,0,OK,,38,normal
EVT-00347,2026-07-14T09:34:00,ST-FAS-07,TOOL-TG-07,CTRL-TG-07,DEMO-A,PGM-A-07,P03,BATCH-DEMO-01,A,48.49,95.563,6.44,4.79,0,OK,,38,normal
EVT-00716,2026-07-14T09:34:00,ST-FAS-07,TOOL-TG-07,CTRL-TG-07,DEMO-A,PGM-A-07,P05,BATCH-DEMO-01,A,63.732,112.472,6.652,4.985,0,OK,,38,normal
EVT-00198,2026-07-14T09:35:00,ST-FAS-07,TOOL-TG-07,CTRL-TG-07,DEMO-A,PGM-A-07,P02,BATCH-DEMO-01,A,38.803,91.866,6.3,4.769,0,OK,,38,normal
EVT-00567,2026-07-14T09:35:00,ST-FAS-07,TOOL-TG-07,CTRL-TG-07,DEMO-A,PGM-A-07,P04,BATCH-DEMO-01,A,56.044,105.834,6.536,4.935,0,OK,,38,normal
EVT-00049,2026-07-14T09:36:00,ST-FAS-07,TOOL-TG-07,CTRL-TG-07,DEMO-A,PGM-A-07,P01,BATCH-DEMO-01,A,32.459,84.806,6.223,4.552,0,OK,,38,normal
EVT-00348,2026-07-14T09:36:00,ST-FAS-07,TOOL-TG-07,CTRL-TG-07,DEMO-A,PGM-A-07,P03,BATCH-DEMO-01,A,48.81,92.601,6.411,4.699,0,OK,,38,normal
EVT-00717,2026-07-14T09:36:00,ST-FAS-07,TOOL-TG-07,CTRL-TG-07,DEMO-A,PGM-A-07,P05,BATCH-DEMO-01,A,64.207,112.067,6.725,4.951,0,OK,,38,normal
EVT-00199,2026-07-14T09:37:00,ST-FAS-07,TOOL-TG-07,CTRL-TG-07,DEMO-A,PGM-A-07,P02,BATCH-DEMO-01,A,39.969,93.934,6.372,4.976,0,OK,,38,normal
EVT-00568,2026-07-14T09:37:00,ST-FAS-07,TOOL-TG-07,CTRL-TG-07,DEMO-A,PGM-A-07,P04,BATCH-DEMO-01,A,56.145,105.872,6.425,4.723,0,OK,,38,normal
EVT-00050,2026-07-14T09:38:00,ST-FAS-07,TOOL-TG-07,CTRL-TG-07,DEMO-A,PGM-A-07,P01,BATCH-DEMO-01,A,32.804,84.526,5.953,4.758,0,OK,,38,normal
EVT-00349,2026-07-14T09:38:00,ST-FAS-07,TOOL-TG-07,CTRL-TG-07,DEMO-A,PGM-A-07,P03,BATCH-DEMO-01,A,49.514,93.117,6.458,4.756,0,OK,,37,normal
EVT-00718,2026-07-14T09:38:00,ST-FAS-07,TOOL-TG-07,CTRL-TG-07,DEMO-A,PGM-A-07,P05,BATCH-DEMO-01,A,64.392,114.052,6.697,4.769,0,OK,,38,normal
EVT-00200,2026-07-14T09:39:00,ST-FAS-07,TOOL-TG-07,CTRL-TG-07,DEMO-A,PGM-A-07,P02,BATCH-DEMO-01,A,41.683,91.898,6.049,4.7,0,OK,,38,normal
EVT-00569,2026-07-14T09:39:00,ST-FAS-07,TOOL-TG-07,CTRL-TG-07,DEMO-A,PGM-A-07,P04,BATCH-DEMO-01,A,55.424,99.743,6.644,4.912,0,OK,,38,normal
EVT-00051,2026-07-14T09:40:00,ST-FAS-07,TOOL-TG-07,CTRL-TG-07,DEMO-A,PGM-A-07,P01,BATCH-DEMO-01,A,32.697,85.803,6.395,4.411,0,OK,,38,normal
EVT-00350,2026-07-14T09:40:00,ST-FAS-07,TOOL-TG-07,CTRL-TG-07,DEMO-A,PGM-A-07,P03,BATCH-DEMO-01,A,47.522,94.681,6.642,4.878,0,OK,,37,normal
EVT-00719,2026-07-14T09:40:00,ST-FAS-07,TOOL-TG-07,CTRL-TG-07,DEMO-A,PGM-A-07,P05,BATCH-DEMO-01,A,63.971,111.338,6.78,5.083,0,OK,,38,normal
EVT-00201,2026-07-14T09:41:00,ST-FAS-07,TOOL-TG-07,CTRL-TG-07,DEMO-A,PGM-A-07,P02,BATCH-DEMO-01,A,40.674,91.103,6.401,4.746,0,OK,,38,normal
EVT-00570,2026-07-14T09:41:00,ST-FAS-07,TOOL-TG-07,CTRL-TG-07,DEMO-A,PGM-A-07,P04,BATCH-DEMO-01,A,55.445,105.335,6.548,4.743,0,OK,,38,normal
EVT-00052,2026-07-14T09:42:00,ST-FAS-07,TOOL-TG-07,CTRL-TG-07,DEMO-A,PGM-A-07,P01,BATCH-DEMO-01,A,31.589,80.929,5.663,4.787,0,OK,,38,normal
EVT-00351,2026-07-14T09:42:00,ST-FAS-07,TOOL-TG-07,CTRL-TG-07,DEMO-A,PGM-A-07,P03,BATCH-DEMO-01,A,48.34,99.491,6.417,4.835,0,OK,,37,normal
EVT-00720,2026-07-14T09:42:00,ST-FAS-07,TOOL-TG-07,CTRL-TG-07,DEMO-A,PGM-A-07,P05,BATCH-DEMO-01,A,63.952,117.997,6.945,4.932,0,OK,,38,normal
EVT-00202,2026-07-14T09:43:00,ST-FAS-07,TOOL-TG-07,CTRL-TG-07,DEMO-A,PGM-A-07,P02,BATCH-DEMO-01,A,39.327,88.512,6.479,4.901,0,OK,,38,normal
EVT-00571,2026-07-14T09:43:00,ST-FAS-07,TOOL-TG-07,CTRL-TG-07,DEMO-A,PGM-A-07,P04,BATCH-DEMO-01,A,57.142,103.395,6.641,4.834,0,OK,,38,normal
EVT-00053,2026-07-14T09:44:00,ST-FAS-07,TOOL-TG-07,CTRL-TG-07,DEMO-A,PGM-A-07,P01,BATCH-DEMO-01,A,31.856,81.446,6.093,4.759,0,OK,,38,normal
EVT-00352,2026-07-14T09:44:00,ST-FAS-07,TOOL-TG-07,CTRL-TG-07,DEMO-A,PGM-A-07,P03,BATCH-DEMO-01,A,47.545,93.694,6.626,4.667,0,OK,,37,normal
EVT-00721,2026-07-14T09:44:00,ST-FAS-07,TOOL-TG-07,CTRL-TG-07,DEMO-A,PGM-A-07,P05,BATCH-DEMO-01,A,63.586,113.786,6.779,4.964,0,OK,,38,normal
EVT-00203,2026-07-14T09:45:00,ST-FAS-07,TOOL-TG-07,CTRL-TG-07,DEMO-A,PGM-A-07,P02,BATCH-DEMO-01,A,39.378,89.897,6.119,4.629,0,OK,,38,normal
EVT-00572,2026-07-14T09:45:00,ST-FAS-07,TOOL-TG-07,CTRL-TG-07,DEMO-A,PGM-A-07,P04,BATCH-DEMO-01,A,57.156,102.207,6.565,5.033,0,OK,,38,normal
EVT-00054,2026-07-14T09:46:00,ST-FAS-07,TOOL-TG-07,CTRL-TG-07,DEMO-A,PGM-A-07,P01,BATCH-DEMO-01,A,31.673,84.736,6.327,4.677,0,OK,,38,normal
EVT-00353,2026-07-14T09:46:00,ST-FAS-07,TOOL-TG-07,CTRL-TG-07,DEMO-A,PGM-A-07,P03,BATCH-DEMO-01,A,48.773,93.33,6.382,4.702,0,OK,,37,normal
EVT-00722,2026-07-14T09:46:00,ST-FAS-07,TOOL-TG-07,CTRL-TG-07,DEMO-A,PGM-A-07,P05,BATCH-DEMO-01,A,64.19,112.512,6.724,5.096,0,OK,,38,normal
EVT-00204,2026-07-14T09:47:00,ST-FAS-07,TOOL-TG-07,CTRL-TG-07,DEMO-A,PGM-A-07,P02,BATCH-DEMO-01,A,40.361,91.485,6.387,4.735,0,OK,,38,normal
EVT-00573,2026-07-14T09:47:00,ST-FAS-07,TOOL-TG-07,CTRL-TG-07,DEMO-A,PGM-A-07,P04,BATCH-DEMO-01,A,56.374,106.025,6.646,4.749,0,OK,,38,normal
EVT-00055,2026-07-14T09:48:00,ST-FAS-07,TOOL-TG-07,CTRL-TG-07,DEMO-A,PGM-A-07,P01,BATCH-DEMO-01,A,31.032,80.711,6.343,4.714,0,OK,,38,normal
EVT-00354,2026-07-14T09:48:00,ST-FAS-07,TOOL-TG-07,CTRL-TG-07,DEMO-A,PGM-A-07,P03,BATCH-DEMO-01,A,49.236,94.217,6.401,4.758,0,OK,,37,normal
EVT-00723,2026-07-14T09:48:00,ST-FAS-07,TOOL-TG-07,CTRL-TG-07,DEMO-A,PGM-A-07,P05,BATCH-DEMO-01,A,64.34,112.648,6.509,4.955,0,OK,,38,normal
EVT-00205,2026-07-14T09:49:00,ST-FAS-07,TOOL-TG-07,CTRL-TG-07,DEMO-A,PGM-A-07,P02,BATCH-DEMO-01,A,40.157,91.602,6.216,4.958,0,OK,,38,normal
EVT-00574,2026-07-14T09:49:00,ST-FAS-07,TOOL-TG-07,CTRL-TG-07,DEMO-A,PGM-A-07,P04,BATCH-DEMO-01,A,55.629,106.803,6.59,4.879,0,OK,,38,normal
EVT-00056,2026-07-14T09:50:00,ST-FAS-07,TOOL-TG-07,CTRL-TG-07,DEMO-A,PGM-A-07,P01,BATCH-DEMO-02,A,31.218,85.06,5.992,4.696,0,OK,,38,normal
EVT-00355,2026-07-14T09:50:00,ST-FAS-07,TOOL-TG-07,CTRL-TG-07,DEMO-A,PGM-A-07,P03,BATCH-DEMO-01,A,47.585,92.733,6.363,4.796,0,OK,,36,normal
EVT-00724,2026-07-14T09:50:00,ST-FAS-07,TOOL-TG-07,CTRL-TG-07,DEMO-A,PGM-A-07,P05,BATCH-DEMO-01,A,64.393,113.4,6.668,4.958,0,OK,,38,normal
EVT-00206,2026-07-14T09:51:00,ST-FAS-07,TOOL-TG-07,CTRL-TG-07,DEMO-A,PGM-A-07,P02,BATCH-DEMO-02,A,40.43,90.368,6.34,4.766,0,OK,,38,normal
EVT-00575,2026-07-14T09:51:00,ST-FAS-07,TOOL-TG-07,CTRL-TG-07,DEMO-A,PGM-A-07,P04,BATCH-DEMO-01,A,54.582,102.616,6.69,4.892,0,OK,,38,normal
EVT-00057,2026-07-14T09:52:00,ST-FAS-07,TOOL-TG-07,CTRL-TG-07,DEMO-A,PGM-A-07,P01,BATCH-DEMO-02,A,32.264,86.596,6.159,4.775,0,OK,,38,normal
EVT-00356,2026-07-14T09:52:00,ST-FAS-07,TOOL-TG-07,CTRL-TG-07,DEMO-A,PGM-A-07,P03,BATCH-DEMO-02,A,48.192,95.365,6.517,4.666,0,OK,,36,normal
EVT-00725,2026-07-14T09:52:00,ST-FAS-07,TOOL-TG-07,CTRL-TG-07,DEMO-A,PGM-A-07,P05,BATCH-DEMO-01,A,64.327,112.433,6.727,4.804,0,OK,,38,normal
EVT-00207,2026-07-14T09:53:00,ST-FAS-07,TOOL-TG-07,CTRL-TG-07,DEMO-A,PGM-A-07,P02,BATCH-DEMO-02,A,40.417,91.465,6.164,4.678,0,OK,,38,normal
EVT-00576,2026-07-14T09:53:00,ST-FAS-07,TOOL-TG-07,CTRL-TG-07,DEMO-A,PGM-A-07,P04,BATCH-DEMO-02,A,56.414,104.296,6.728,4.764,0,OK,,38,normal
EVT-00058,2026-07-14T09:54:00,ST-FAS-07,TOOL-TG-07,CTRL-TG-07,DEMO-A,PGM-A-07,P01,BATCH-DEMO-02,A,31.691,84.264,6.349,4.575,0,OK,,38,normal
EVT-00357,2026-07-14T09:54:00,ST-FAS-07,TOOL-TG-07,CTRL-TG-07,DEMO-A,PGM-A-07,P03,BATCH-DEMO-02,A,47.61,92.362,6.45,4.746,0,OK,,36,normal
EVT-00726,2026-07-14T09:54:00,ST-FAS-07,TOOL-TG-07,CTRL-TG-07,DEMO-A,PGM-A-07,P05,BATCH-DEMO-02,A,63.97,111.976,6.649,4.844,0,OK,,38,normal
EVT-00208,2026-07-14T09:55:00,ST-FAS-07,TOOL-TG-07,CTRL-TG-07,DEMO-A,PGM-A-07,P02,BATCH-DEMO-02,A,39.994,88.489,6.316,4.771,0,OK,,38,normal
EVT-00577,2026-07-14T09:55:00,ST-FAS-07,TOOL-TG-07,CTRL-TG-07,DEMO-A,PGM-A-07,P04,BATCH-DEMO-02,A,56.903,103.241,6.398,4.885,0,OK,,38,normal
EVT-00059,2026-07-14T09:56:00,ST-FAS-07,TOOL-TG-07,CTRL-TG-07,DEMO-A,PGM-A-07,P01,BATCH-DEMO-02,A,32.687,81.273,6.072,4.67,0,OK,,38,normal
EVT-00358,2026-07-14T09:56:00,ST-FAS-07,TOOL-TG-07,CTRL-TG-07,DEMO-A,PGM-A-07,P03,BATCH-DEMO-02,A,48.008,94.47,6.582,4.858,0,OK,,36,normal
EVT-00727,2026-07-14T09:56:00,ST-FAS-07,TOOL-TG-07,CTRL-TG-07,DEMO-A,PGM-A-07,P05,BATCH-DEMO-02,A,63.213,114.582,6.598,5.13,0,OK,,38,normal
EVT-00209,2026-07-14T09:57:00,ST-FAS-07,TOOL-TG-07,CTRL-TG-07,DEMO-A,PGM-A-07,P02,BATCH-DEMO-02,A,41.529,92.052,6.363,4.698,0,OK,,38,normal
EVT-00578,2026-07-14T09:57:00,ST-FAS-07,TOOL-TG-07,CTRL-TG-07,DEMO-A,PGM-A-07,P04,BATCH-DEMO-02,A,55.034,99.679,6.498,5.151,0,OK,,38,normal
EVT-00060,2026-07-14T09:58:00,ST-FAS-07,TOOL-TG-07,CTRL-TG-07,DEMO-A,PGM-A-07,P01,BATCH-DEMO-02,A,32.454,80.534,6.203,4.723,0,OK,,38,normal
EVT-00359,2026-07-14T09:58:00,ST-FAS-07,TOOL-TG-07,CTRL-TG-07,DEMO-A,PGM-A-07,P03,BATCH-DEMO-02,A,48.325,97.87,6.549,4.806,0,OK,,36,normal
EVT-00728,2026-07-14T09:58:00,ST-FAS-07,TOOL-TG-07,CTRL-TG-07,DEMO-A,PGM-A-07,P05,BATCH-DEMO-02,A,63.495,110.589,6.581,4.932,0,OK,,38,normal
EVT-00210,2026-07-14T09:59:00,ST-FAS-07,TOOL-TG-07,CTRL-TG-07,DEMO-A,PGM-A-07,P02,BATCH-DEMO-02,A,39.664,89.236,6.103,4.552,0,OK,,38,normal
EVT-00579,2026-07-14T09:59:00,ST-FAS-07,TOOL-TG-07,CTRL-TG-07,DEMO-A,PGM-A-07,P04,BATCH-DEMO-02,A,55.864,101.951,6.508,4.798,0,OK,,38,normal
EVT-00061,2026-07-14T10:00:00,ST-FAS-07,TOOL-TG-07,CTRL-TG-07,DEMO-A,PGM-A-07,P01,BATCH-DEMO-02,A,31.987,75.792,6.208,4.769,0,OK,,38,normal
EVT-00360,2026-07-14T10:00:00,ST-FAS-07,TOOL-TG-07,CTRL-TG-07,DEMO-A,PGM-A-07,P03,BATCH-DEMO-02,A,48.648,94.534,6.459,4.959,0,OK,,36,normal
EVT-00729,2026-07-14T10:00:00,ST-FAS-07,TOOL-TG-07,CTRL-TG-07,DEMO-A,PGM-A-07,P05,BATCH-DEMO-02,A,63.944,113.623,6.622,4.831,0,OK,,38,normal
EVT-00211,2026-07-14T10:01:00,ST-FAS-07,TOOL-TG-07,CTRL-TG-07,DEMO-A,PGM-A-07,P02,BATCH-DEMO-02,A,40.258,90.32,6.174,4.863,0,OK,,38,normal
EVT-00580,2026-07-14T10:01:00,ST-FAS-07,TOOL-TG-07,CTRL-TG-07,DEMO-A,PGM-A-07,P04,BATCH-DEMO-02,A,56.367,102.258,6.633,5.028,0,OK,,38,normal
EVT-00062,2026-07-14T10:02:00,ST-FAS-07,TOOL-TG-07,CTRL-TG-07,DEMO-A,PGM-A-07,P01,BATCH-DEMO-02,A,32.425,83.018,6.219,4.72,0,OK,,38,normal
EVT-00361,2026-07-14T10:02:00,ST-FAS-07,TOOL-TG-07,CTRL-TG-07,DEMO-A,PGM-A-07,P03,BATCH-DEMO-02,A,47.864,96.646,6.703,4.953,0,OK,,35,normal
EVT-00730,2026-07-14T10:02:00,ST-FAS-07,TOOL-TG-07,CTRL-TG-07,DEMO-A,PGM-A-07,P05,BATCH-DEMO-02,A,63.997,111.109,6.434,4.926,0,OK,,38,normal
EVT-00212,2026-07-14T10:03:00,ST-FAS-07,TOOL-TG-07,CTRL-TG-07,DEMO-A,PGM-A-07,P02,BATCH-DEMO-02,A,39.397,88.494,6.292,4.75,0,OK,,38,normal
EVT-00581,2026-07-14T10:03:00,ST-FAS-07,TOOL-TG-07,CTRL-TG-07,DEMO-A,PGM-A-07,P04,BATCH-DEMO-02,A,55.881,105.118,6.764,4.822,0,OK,,38,normal
EVT-00063,2026-07-14T10:04:00,ST-FAS-07,TOOL-TG-07,CTRL-TG-07,DEMO-A,PGM-A-07,P01,BATCH-DEMO-02,A,31.46,79.123,6.03,4.516,0,OK,,38,normal
EVT-00362,2026-07-14T10:04:00,ST-FAS-07,TOOL-TG-07,CTRL-TG-07,DEMO-A,PGM-A-07,P03,BATCH-DEMO-02,A,46.853,95.521,6.247,4.483,0,OK,,35,normal
EVT-00731,2026-07-14T10:04:00,ST-FAS-07,TOOL-TG-07,CTRL-TG-07,DEMO-A,PGM-A-07,P05,BATCH-DEMO-02,A,64.806,110.45,6.56,4.933,0,OK,,38,normal
EVT-00213,2026-07-14T10:05:00,ST-FAS-07,TOOL-TG-07,CTRL-TG-07,DEMO-A,PGM-A-07,P02,BATCH-DEMO-02,A,40.22,87.139,6.341,4.825,0,OK,,38,normal
EVT-00582,2026-07-14T10:05:00,ST-FAS-07,TOOL-TG-07,CTRL-TG-07,DEMO-A,PGM-A-07,P04,BATCH-DEMO-02,A,57.026,104.373,6.697,5.028,0,OK,,38,normal
EVT-00064,2026-07-14T10:06:00,ST-FAS-07,TOOL-TG-07,CTRL-TG-07,DEMO-A,PGM-A-07,P01,BATCH-DEMO-02,A,31.041,81.39,6.234,4.7,0,OK,,38,normal
EVT-00363,2026-07-14T10:06:00,ST-FAS-07,TOOL-TG-07,CTRL-TG-07,DEMO-A,PGM-A-07,P03,BATCH-DEMO-02,A,48.486,96.122,6.616,4.81,0,OK,,35,normal
EVT-00732,2026-07-14T10:06:00,ST-FAS-07,TOOL-TG-07,CTRL-TG-07,DEMO-A,PGM-A-07,P05,BATCH-DEMO-02,A,63.315,112.237,6.937,5.009,0,OK,,38,normal
EVT-00214,2026-07-14T10:07:00,ST-FAS-07,TOOL-TG-07,CTRL-TG-07,DEMO-A,PGM-A-07,P02,BATCH-DEMO-02,A,39.108,86.909,6.246,4.656,0,OK,,38,normal
EVT-00583,2026-07-14T10:07:00,ST-FAS-07,TOOL-TG-07,CTRL-TG-07,DEMO-A,PGM-A-07,P04,BATCH-DEMO-02,A,54.938,105.212,6.499,4.897,0,OK,,38,normal
EVT-00065,2026-07-14T10:08:00,ST-FAS-07,TOOL-TG-07,CTRL-TG-07,DEMO-A,PGM-A-07,P01,BATCH-DEMO-02,A,31.951,86.104,6.17,4.665,0,OK,,38,normal
EVT-00364,2026-07-14T10:08:00,ST-FAS-07,TOOL-TG-07,CTRL-TG-07,DEMO-A,PGM-A-07,P03,BATCH-DEMO-02,A,47.232,95.055,6.48,4.803,0,OK,,35,normal
EVT-00733,2026-07-14T10:08:00,ST-FAS-07,TOOL-TG-07,CTRL-TG-07,DEMO-A,PGM-A-07,P05,BATCH-DEMO-02,A,62.534,112.739,6.636,4.982,0,OK,,38,normal
EVT-00215,2026-07-14T10:09:00,ST-FAS-07,TOOL-TG-07,CTRL-TG-07,DEMO-A,PGM-A-07,P02,BATCH-DEMO-02,A,38.942,93.92,6.428,4.51,0,OK,,38,normal
EVT-00584,2026-07-14T10:09:00,ST-FAS-07,TOOL-TG-07,CTRL-TG-07,DEMO-A,PGM-A-07,P04,BATCH-DEMO-02,A,55.936,101.789,6.504,4.848,0,OK,,38,normal
EVT-00066,2026-07-14T10:10:00,ST-FAS-07,TOOL-TG-07,CTRL-TG-07,DEMO-A,PGM-A-07,P01,BATCH-DEMO-02,A,31.321,80.267,6.244,4.529,0,OK,,38,normal
EVT-00365,2026-07-14T10:10:00,ST-FAS-07,TOOL-TG-07,CTRL-TG-07,DEMO-A,PGM-A-07,P03,BATCH-DEMO-02,A,47.127,93.686,6.585,4.944,0,OK,,35,normal
EVT-00734,2026-07-14T10:10:00,ST-FAS-07,TOOL-TG-07,CTRL-TG-07,DEMO-A,PGM-A-07,P05,BATCH-DEMO-02,A,64.272,112.397,6.582,5.015,0,OK,,38,normal
EVT-00216,2026-07-14T10:11:00,ST-FAS-07,TOOL-TG-07,CTRL-TG-07,DEMO-A,PGM-A-07,P02,BATCH-DEMO-02,A,40.288,89.409,6.149,4.759,0,OK,,38,normal
EVT-00585,2026-07-14T10:11:00,ST-FAS-07,TOOL-TG-07,CTRL-TG-07,DEMO-A,PGM-A-07,P04,BATCH-DEMO-02,A,56.866,106.772,6.671,4.897,0,OK,,38,normal
EVT-00067,2026-07-14T10:12:00,ST-FAS-07,TOOL-TG-07,CTRL-TG-07,DEMO-A,PGM-A-07,P01,BATCH-DEMO-02,A,32.133,82.534,6.091,4.64,0,OK,,38,normal
EVT-00366,2026-07-14T10:12:00,ST-FAS-07,TOOL-TG-07,CTRL-TG-07,DEMO-A,PGM-A-07,P03,BATCH-DEMO-02,A,47.465,98.281,6.318,4.758,0,OK,,35,normal
EVT-00735,2026-07-14T10:12:00,ST-FAS-07,TOOL-TG-07,CTRL-TG-07,DEMO-A,PGM-A-07,P05,BATCH-DEMO-02,A,64.103,114.003,6.942,4.937,0,OK,,38,normal
EVT-00217,2026-07-14T10:13:00,ST-FAS-07,TOOL-TG-07,CTRL-TG-07,DEMO-A,PGM-A-07,P02,BATCH-DEMO-02,A,41.029,89.731,6.084,4.879,0,OK,,38,normal
EVT-00586,2026-07-14T10:13:00,ST-FAS-07,TOOL-TG-07,CTRL-TG-07,DEMO-A,PGM-A-07,P04,BATCH-DEMO-02,A,56.146,107.842,6.706,4.832,0,OK,,38,normal
EVT-00068,2026-07-14T10:14:00,ST-FAS-07,TOOL-TG-07,CTRL-TG-07,DEMO-A,PGM-A-07,P01,BATCH-DEMO-02,A,32.279,83.002,6.036,4.579,0,OK,,38,normal
EVT-00367,2026-07-14T10:14:00,ST-FAS-07,TOOL-TG-07,CTRL-TG-07,DEMO-A,PGM-A-07,P03,BATCH-DEMO-02,A,48.308,96.254,6.133,4.938,0,OK,,34,normal
EVT-00736,2026-07-14T10:14:00,ST-FAS-07,TOOL-TG-07,CTRL-TG-07,DEMO-A,PGM-A-07,P05,BATCH-DEMO-02,A,63.703,110.865,6.811,5.043,0,OK,,38,normal
EVT-00218,2026-07-14T10:15:00,ST-FAS-07,TOOL-TG-07,CTRL-TG-07,DEMO-A,PGM-A-07,P02,BATCH-DEMO-02,A,40.089,90.6,6.127,4.928,0,OK,,38,normal
EVT-00587,2026-07-14T10:15:00,ST-FAS-07,TOOL-TG-07,CTRL-TG-07,DEMO-A,PGM-A-07,P04,BATCH-DEMO-02,A,55.802,99.229,6.596,4.631,0,OK,,38,normal
EVT-00069,2026-07-14T10:16:00,ST-FAS-07,TOOL-TG-07,CTRL-TG-07,DEMO-A,PGM-A-07,P01,BATCH-DEMO-02,A,32.353,82.771,6.095,4.742,0,OK,,38,normal
EVT-00368,2026-07-14T10:16:00,ST-FAS-07,TOOL-TG-07,CTRL-TG-07,DEMO-A,PGM-A-07,P03,BATCH-DEMO-02,A,46.808,94.28,6.399,4.876,0,OK,,34,normal
EVT-00737,2026-07-14T10:16:00,ST-FAS-07,TOOL-TG-07,CTRL-TG-07,DEMO-A,PGM-A-07,P05,BATCH-DEMO-02,A,65.344,113.564,6.888,5.032,0,OK,,38,normal
EVT-00219,2026-07-14T10:17:00,ST-FAS-07,TOOL-TG-07,CTRL-TG-07,DEMO-A,PGM-A-07,P02,BATCH-DEMO-02,A,39.97,88.348,6.376,4.63,0,OK,,38,normal
EVT-00588,2026-07-14T10:17:00,ST-FAS-07,TOOL-TG-07,CTRL-TG-07,DEMO-A,PGM-A-07,P04,BATCH-DEMO-02,A,56.459,100.29,6.704,4.783,0,OK,,38,normal
EVT-00070,2026-07-14T10:18:00,ST-FAS-07,TOOL-TG-07,CTRL-TG-07,DEMO-A,PGM-A-07,P01,BATCH-DEMO-02,A,32.179,80.71,6.311,4.675,0,OK,,38,normal
EVT-00369,2026-07-14T10:18:00,ST-FAS-07,TOOL-TG-07,CTRL-TG-07,DEMO-A,PGM-A-07,P03,BATCH-DEMO-02,A,49.012,93.25,6.564,4.88,0,OK,,34,normal
EVT-00738,2026-07-14T10:18:00,ST-FAS-07,TOOL-TG-07,CTRL-TG-07,DEMO-A,PGM-A-07,P05,BATCH-DEMO-02,A,63.599,109.696,6.754,4.975,0,OK,,38,normal
EVT-00220,2026-07-14T10:19:00,ST-FAS-07,TOOL-TG-07,CTRL-TG-07,DEMO-A,PGM-A-07,P02,BATCH-DEMO-02,A,40.05,88.579,6.166,4.726,0,OK,,38,normal
EVT-00589,2026-07-14T10:19:00,ST-FAS-07,TOOL-TG-07,CTRL-TG-07,DEMO-A,PGM-A-07,P04,BATCH-DEMO-02,A,55.137,102.6,6.7,4.931,0,OK,,38,normal
EVT-00071,2026-07-14T10:20:00,ST-FAS-07,TOOL-TG-07,CTRL-TG-07,DEMO-A,PGM-A-07,P01,BATCH-DEMO-02,A,31.377,81.97,5.834,4.749,0,OK,,38,normal
EVT-00370,2026-07-14T10:20:00,ST-FAS-07,TOOL-TG-07,CTRL-TG-07,DEMO-A,PGM-A-07,P03,BATCH-DEMO-02,A,47.851,90.716,6.19,5.013,0,OK,,34,normal
EVT-00739,2026-07-14T10:20:00,ST-FAS-07,TOOL-TG-07,CTRL-TG-07,DEMO-A,PGM-A-07,P05,BATCH-DEMO-02,A,64.312,113.112,6.82,4.94,0,OK,,38,normal
EVT-00221,2026-07-14T10:21:00,ST-FAS-07,TOOL-TG-07,CTRL-TG-07,DEMO-A,PGM-A-07,P02,BATCH-DEMO-02,A,40.541,88.9,6.283,4.689,0,OK,,38,normal
EVT-00590,2026-07-14T10:21:00,ST-FAS-07,TOOL-TG-07,CTRL-TG-07,DEMO-A,PGM-A-07,P04,BATCH-DEMO-02,A,55.309,107.016,6.507,4.965,0,OK,,38,normal
EVT-00072,2026-07-14T10:22:00,ST-FAS-07,TOOL-TG-07,CTRL-TG-07,DEMO-A,PGM-A-07,P01,BATCH-DEMO-02,A,30.992,85.115,6.115,4.646,0,OK,,38,normal
EVT-00371,2026-07-14T10:22:00,ST-FAS-07,TOOL-TG-07,CTRL-TG-07,DEMO-A,PGM-A-07,P03,BATCH-DEMO-02,A,47.293,95.916,6.362,4.717,0,OK,,34,normal
EVT-00740,2026-07-14T10:22:00,ST-FAS-07,TOOL-TG-07,CTRL-TG-07,DEMO-A,PGM-A-07,P05,BATCH-DEMO-02,A,63.862,110.514,6.785,4.955,0,OK,,38,normal
EVT-00222,2026-07-14T10:23:00,ST-FAS-07,TOOL-TG-07,CTRL-TG-07,DEMO-A,PGM-A-07,P02,BATCH-DEMO-02,A,40.173,88.68,5.99,4.75,0,OK,,38,normal
EVT-00591,2026-07-14T10:23:00,ST-FAS-07,TOOL-TG-07,CTRL-TG-07,DEMO-A,PGM-A-07,P04,BATCH-DEMO-02,A,56.25,100.241,6.54,5.048,0,OK,,38,normal
EVT-00073,2026-07-14T10:24:00,ST-FAS-07,TOOL-TG-07,CTRL-TG-07,DEMO-A,PGM-A-07,P01,BATCH-DEMO-02,A,31.587,82.357,6.152,4.609,0,OK,,38,normal
EVT-00372,2026-07-14T10:24:00,ST-FAS-07,TOOL-TG-07,CTRL-TG-07,DEMO-A,PGM-A-07,P03,BATCH-DEMO-02,A,48.103,91.306,6.393,4.71,0,OK,,34,normal
EVT-00741,2026-07-14T10:24:00,ST-FAS-07,TOOL-TG-07,CTRL-TG-07,DEMO-A,PGM-A-07,P05,BATCH-DEMO-02,A,64.607,111.037,6.773,5.161,0,OK,,38,normal
EVT-00223,2026-07-14T10:25:00,ST-FAS-07,TOOL-TG-07,CTRL-TG-07,DEMO-A,PGM-A-07,P02,BATCH-DEMO-02,A,41.678,89.146,6.314,4.893,0,OK,,38,normal
EVT-00592,2026-07-14T10:25:00,ST-FAS-07,TOOL-TG-07,CTRL-TG-07,DEMO-A,PGM-A-07,P04,BATCH-DEMO-02,A,56.155,103.558,6.554,4.954,0,OK,,38,normal
EVT-00074,2026-07-14T10:26:00,ST-FAS-07,TOOL-TG-07,CTRL-TG-07,DEMO-A,PGM-A-07,P01,BATCH-DEMO-02,A,31.132,81.991,6.222,4.519,0,OK,,38,normal
EVT-00373,2026-07-14T10:26:00,ST-FAS-07,TOOL-TG-07,CTRL-TG-07,DEMO-A,PGM-A-07,P03,BATCH-DEMO-02,A,48.107,95.357,6.277,4.81,0,OK,,33,normal
EVT-00742,2026-07-14T10:26:00,ST-FAS-07,TOOL-TG-07,CTRL-TG-07,DEMO-A,PGM-A-07,P05,BATCH-DEMO-02,A,64.147,112.195,6.723,5.016,0,OK,,38,normal
EVT-00224,2026-07-14T10:27:00,ST-FAS-07,TOOL-TG-07,CTRL-TG-07,DEMO-A,PGM-A-07,P02,BATCH-DEMO-02,A,40.005,93.053,6.136,4.565,0,OK,,38,normal
EVT-00593,2026-07-14T10:27:00,ST-FAS-07,TOOL-TG-07,CTRL-TG-07,DEMO-A,PGM-A-07,P04,BATCH-DEMO-02,A,55.794,106.752,6.381,5.093,0,OK,,38,normal
EVT-00075,2026-07-14T10:28:00,ST-FAS-07,TOOL-TG-07,CTRL-TG-07,DEMO-A,PGM-A-07,P01,BATCH-DEMO-02,A,31.923,81.038,6.058,4.564,0,OK,,38,normal
EVT-00374,2026-07-14T10:28:00,ST-FAS-07,TOOL-TG-07,CTRL-TG-07,DEMO-A,PGM-A-07,P03,BATCH-DEMO-02,A,48.588,94.601,6.301,4.713,0,OK,,33,normal
EVT-00743,2026-07-14T10:28:00,ST-FAS-07,TOOL-TG-07,CTRL-TG-07,DEMO-A,PGM-A-07,P05,BATCH-DEMO-02,A,62.773,108.997,6.546,5.122,0,OK,,38,normal
EVT-00225,2026-07-14T10:29:00,ST-FAS-07,TOOL-TG-07,CTRL-TG-07,DEMO-A,PGM-A-07,P02,BATCH-DEMO-02,A,40.356,90.064,6.389,4.529,0,OK,,38,normal
EVT-00594,2026-07-14T10:29:00,ST-FAS-07,TOOL-TG-07,CTRL-TG-07,DEMO-A,PGM-A-07,P04,BATCH-DEMO-02,A,55.755,103.108,6.538,4.922,0,OK,,38,normal
EVT-00076,2026-07-14T10:30:00,ST-FAS-07,TOOL-TG-07,CTRL-TG-07,DEMO-A,PGM-A-07,P01,BATCH-DEMO-02,A,32.543,85.253,6.086,4.575,0,OK,,38,normal
EVT-00375,2026-07-14T10:30:00,ST-FAS-07,TOOL-TG-07,CTRL-TG-07,DEMO-A,PGM-A-07,P03,BATCH-DEMO-02,A,47.113,94.013,6.395,4.95,0,OK,,33,normal
EVT-00744,2026-07-14T10:30:00,ST-FAS-07,TOOL-TG-07,CTRL-TG-07,DEMO-A,PGM-A-07,P05,BATCH-DEMO-02,A,64.009,110.206,6.718,4.894,0,OK,,38,normal
EVT-00226,2026-07-14T10:31:00,ST-FAS-07,TOOL-TG-07,CTRL-TG-07,DEMO-A,PGM-A-07,P02,BATCH-DEMO-02,A,39.754,91.651,6.375,4.945,0,OK,,38,normal
EVT-00595,2026-07-14T10:31:00,ST-FAS-07,TOOL-TG-07,CTRL-TG-07,DEMO-A,PGM-A-07,P04,BATCH-DEMO-02,A,56.714,101.175,6.378,4.712,0,OK,,38,normal
EVT-00077,2026-07-14T10:32:00,ST-FAS-07,TOOL-TG-07,CTRL-TG-07,DEMO-A,PGM-A-07,P01,BATCH-DEMO-02,A,32.856,81.285,6.165,4.561,0,OK,,38,normal
EVT-00376,2026-07-14T10:32:00,ST-FAS-07,TOOL-TG-07,CTRL-TG-07,DEMO-A,PGM-A-07,P03,BATCH-DEMO-02,A,48.444,94.026,6.643,4.891,0,OK,,33,normal
EVT-00745,2026-07-14T10:32:00,ST-FAS-07,TOOL-TG-07,CTRL-TG-07,DEMO-A,PGM-A-07,P05,BATCH-DEMO-02,A,63.301,112.772,6.912,5.008,0,OK,,38,normal
EVT-00227,2026-07-14T10:33:00,ST-FAS-07,TOOL-TG-07,CTRL-TG-07,DEMO-A,PGM-A-07,P02,BATCH-DEMO-02,A,39.148,88.817,6.201,4.804,0,OK,,38,normal
EVT-00596,2026-07-14T10:33:00,ST-FAS-07,TOOL-TG-07,CTRL-TG-07,DEMO-A,PGM-A-07,P04,BATCH-DEMO-02,A,55.681,101.634,6.692,4.966,0,OK,,38,normal
EVT-00078,2026-07-14T10:34:00,ST-FAS-07,TOOL-TG-07,CTRL-TG-07,DEMO-A,PGM-A-07,P01,BATCH-DEMO-02,A,30.438,81.753,6.127,4.922,0,OK,,38,normal
EVT-00377,2026-07-14T10:34:00,ST-FAS-07,TOOL-TG-07,CTRL-TG-07,DEMO-A,PGM-A-07,P03,BATCH-DEMO-02,A,48.56,95.42,6.459,4.886,0,OK,,33,normal
EVT-00746,2026-07-14T10:34:00,ST-FAS-07,TOOL-TG-07,CTRL-TG-07,DEMO-A,PGM-A-07,P05,BATCH-DEMO-02,A,63.513,115.345,6.681,4.964,0,OK,,38,normal
EVT-00228,2026-07-14T10:35:00,ST-FAS-07,TOOL-TG-07,CTRL-TG-07,DEMO-A,PGM-A-07,P02,BATCH-DEMO-02,A,39.11,88.106,6.163,4.668,0,OK,,38,normal
EVT-00597,2026-07-14T10:35:00,ST-FAS-07,TOOL-TG-07,CTRL-TG-07,DEMO-A,PGM-A-07,P04,BATCH-DEMO-02,A,56.093,107.076,6.455,4.723,0,OK,,38,normal
EVT-00079,2026-07-14T10:36:00,ST-FAS-07,TOOL-TG-07,CTRL-TG-07,DEMO-A,PGM-A-07,P01,BATCH-DEMO-02,A,32.319,83.712,6.087,4.809,0,OK,,38,normal
EVT-00378,2026-07-14T10:36:00,ST-FAS-07,TOOL-TG-07,CTRL-TG-07,DEMO-A,PGM-A-07,P03,BATCH-DEMO-02,A,47.794,95.16,6.446,4.786,0,OK,,33,normal
EVT-00747,2026-07-14T10:36:00,ST-FAS-07,TOOL-TG-07,CTRL-TG-07,DEMO-A,PGM-A-07,P05,BATCH-DEMO-02,A,63.407,110.5,6.595,5.049,0,OK,,38,normal
EVT-00229,2026-07-14T10:37:00,ST-FAS-07,TOOL-TG-07,CTRL-TG-07,DEMO-A,PGM-A-07,P02,BATCH-DEMO-02,A,38.983,89.474,6.079,4.777,0,OK,,38,normal
EVT-00598,2026-07-14T10:37:00,ST-FAS-07,TOOL-TG-07,CTRL-TG-07,DEMO-A,PGM-A-07,P04,BATCH-DEMO-02,A,57.348,102.652,6.535,4.777,0,OK,,38,normal
EVT-00080,2026-07-14T10:38:00,ST-FAS-07,TOOL-TG-07,CTRL-TG-07,DEMO-A,PGM-A-07,P01,BATCH-DEMO-02,A,31.88,81.452,6.081,4.68,0,OK,,38,normal
EVT-00379,2026-07-14T10:38:00,ST-FAS-07,TOOL-TG-07,CTRL-TG-07,DEMO-A,PGM-A-07,P03,BATCH-DEMO-02,A,47.397,94.469,6.476,4.867,0,OK,,32,normal
EVT-00748,2026-07-14T10:38:00,ST-FAS-07,TOOL-TG-07,CTRL-TG-07,DEMO-A,PGM-A-07,P05,BATCH-DEMO-02,A,64.196,110.617,6.631,5.137,0,OK,,38,normal
EVT-00230,2026-07-14T10:39:00,ST-FAS-07,TOOL-TG-07,CTRL-TG-07,DEMO-A,PGM-A-07,P02,BATCH-DEMO-02,A,39.725,90.911,6.1,4.714,0,OK,,38,normal
EVT-00599,2026-07-14T10:39:00,ST-FAS-07,TOOL-TG-07,CTRL-TG-07,DEMO-A,PGM-A-07,P04,BATCH-DEMO-02,A,55.765,102.138,6.893,4.918,0,OK,,38,normal
EVT-00081,2026-07-14T10:40:00,ST-FAS-07,TOOL-TG-07,CTRL-TG-07,DEMO-A,PGM-A-07,P01,BATCH-DEMO-02,A,32.378,86.154,6.074,4.511,0,OK,,38,normal
EVT-00380,2026-07-14T10:40:00,ST-FAS-07,TOOL-TG-07,CTRL-TG-07,DEMO-A,PGM-A-07,P03,BATCH-DEMO-02,A,48.852,96.018,6.509,4.828,1,OK,,32,normal
EVT-00749,2026-07-14T10:40:00,ST-FAS-07,TOOL-TG-07,CTRL-TG-07,DEMO-A,PGM-A-07,P05,BATCH-DEMO-02,A,63.998,111.185,6.834,5.054,0,OK,,38,normal
EVT-00231,2026-07-14T10:41:00,ST-FAS-07,TOOL-TG-07,CTRL-TG-07,DEMO-A,PGM-A-07,P02,BATCH-DEMO-02,A,40.464,87.681,6.277,4.785,0,OK,,38,normal
EVT-00600,2026-07-14T10:41:00,ST-FAS-07,TOOL-TG-07,CTRL-TG-07,DEMO-A,PGM-A-07,P04,BATCH-DEMO-02,A,55.93,107.637,6.436,5.028,0,OK,,38,normal
EVT-00082,2026-07-14T10:42:00,ST-FAS-07,TOOL-TG-07,CTRL-TG-07,DEMO-A,PGM-A-07,P01,BATCH-DEMO-02,A,31.887,76.791,6.195,4.803,0,OK,,38,normal
EVT-00381,2026-07-14T10:42:00,ST-FAS-07,TOOL-TG-07,CTRL-TG-07,DEMO-A,PGM-A-07,P03,BATCH-DEMO-02,A,49.696,91.517,6.313,4.869,0,OK,,32,normal
EVT-00750,2026-07-14T10:42:00,ST-FAS-07,TOOL-TG-07,CTRL-TG-07,DEMO-A,PGM-A-07,P05,BATCH-DEMO-02,A,64.437,108.393,6.47,5.1,1,OK,,38,normal
EVT-00232,2026-07-14T10:43:00,ST-FAS-07,TOOL-TG-07,CTRL-TG-07,DEMO-A,PGM-A-07,P02,BATCH-DEMO-02,A,39.922,90.425,6.267,4.873,0,OK,,38,normal
EVT-00601,2026-07-14T10:43:00,ST-FAS-07,TOOL-TG-07,CTRL-TG-07,DEMO-A,PGM-A-07,P04,BATCH-DEMO-02,A,55.941,106.509,6.587,4.763,0,OK,,38,normal
EVT-00083,2026-07-14T10:44:00,ST-FAS-07,TOOL-TG-07,CTRL-TG-07,DEMO-A,PGM-A-07,P01,BATCH-DEMO-02,A,32.759,80.066,6.153,4.632,0,OK,,38,normal
EVT-00382,2026-07-14T10:44:00,ST-FAS-07,TOOL-TG-07,CTRL-TG-07,DEMO-A,PGM-A-07,P03,BATCH-DEMO-02,A,47.213,93.1,6.364,4.854,0,OK,,32,normal
EVT-00751,2026-07-14T10:44:00,ST-FAS-07,TOOL-TG-07,CTRL-TG-07,DEMO-A,PGM-A-07,P05,BATCH-DEMO-02,A,64.385,110.585,6.699,5.005,0,OK,,38,normal
EVT-00233,2026-07-14T10:45:00,ST-FAS-07,TOOL-TG-07,CTRL-TG-07,DEMO-A,PGM-A-07,P02,BATCH-DEMO-02,A,40.756,94.029,6.306,4.873,0,OK,,38,normal
EVT-00602,2026-07-14T10:45:00,ST-FAS-07,TOOL-TG-07,CTRL-TG-07,DEMO-A,PGM-A-07,P04,BATCH-DEMO-02,A,55.268,103.972,6.59,4.956,0,OK,,38,normal
EVT-00084,2026-07-14T10:46:00,ST-FAS-07,TOOL-TG-07,CTRL-TG-07,DEMO-A,PGM-A-07,P01,BATCH-DEMO-02,A,31.202,79.672,6.161,4.59,0,OK,,38,normal
EVT-00383,2026-07-14T10:46:00,ST-FAS-07,TOOL-TG-07,CTRL-TG-07,DEMO-A,PGM-A-07,P03,BATCH-DEMO-02,A,48.973,97.374,6.389,4.768,0,OK,,32,normal
EVT-00752,2026-07-14T10:46:00,ST-FAS-07,TOOL-TG-07,CTRL-TG-07,DEMO-A,PGM-A-07,P05,BATCH-DEMO-02,A,63.912,112.647,6.732,5.097,0,OK,,38,normal
EVT-00234,2026-07-14T10:47:00,ST-FAS-07,TOOL-TG-07,CTRL-TG-07,DEMO-A,PGM-A-07,P02,BATCH-DEMO-02,A,40.677,93.523,6.258,4.746,0,OK,,38,normal
EVT-00603,2026-07-14T10:47:00,ST-FAS-07,TOOL-TG-07,CTRL-TG-07,DEMO-A,PGM-A-07,P04,BATCH-DEMO-02,A,57.314,102.065,6.67,5.072,0,OK,,38,normal
EVT-00085,2026-07-14T10:48:00,ST-FAS-07,TOOL-TG-07,CTRL-TG-07,DEMO-A,PGM-A-07,P01,BATCH-DEMO-02,A,31.766,81.062,6.08,4.725,0,OK,,38,normal
EVT-00384,2026-07-14T10:48:00,ST-FAS-07,TOOL-TG-07,CTRL-TG-07,DEMO-A,PGM-A-07,P03,BATCH-DEMO-02,A,48.984,94.482,6.526,4.925,0,OK,,32,normal
EVT-00753,2026-07-14T10:48:00,ST-FAS-07,TOOL-TG-07,CTRL-TG-07,DEMO-A,PGM-A-07,P05,BATCH-DEMO-02,A,63.045,112.664,6.702,5.287,0,OK,,38,normal
EVT-00235,2026-07-14T10:49:00,ST-FAS-07,TOOL-TG-07,CTRL-TG-07,DEMO-A,PGM-A-07,P02,BATCH-DEMO-02,A,40.091,93.307,6.293,4.798,0,OK,,38,normal
EVT-00604,2026-07-14T10:49:00,ST-FAS-07,TOOL-TG-07,CTRL-TG-07,DEMO-A,PGM-A-07,P04,BATCH-DEMO-02,A,56.923,105.456,6.687,4.775,0,OK,,38,normal
EVT-00086,2026-07-14T10:50:00,ST-FAS-07,TOOL-TG-07,CTRL-TG-07,DEMO-A,PGM-A-07,P01,BATCH-DEMO-02,A,32.005,83.77,6.29,4.752,0,OK,,38,normal
EVT-00385,2026-07-14T10:50:00,ST-FAS-07,TOOL-TG-07,CTRL-TG-07,DEMO-A,PGM-A-07,P03,BATCH-DEMO-02,A,47.559,97.251,6.502,4.744,0,OK,,31,normal
EVT-00754,2026-07-14T10:50:00,ST-FAS-07,TOOL-TG-07,CTRL-TG-07,DEMO-A,PGM-A-07,P05,BATCH-DEMO-02,A,64.624,107.614,6.8,4.955,0,OK,,38,normal
EVT-00236,2026-07-14T10:51:00,ST-FAS-07,TOOL-TG-07,CTRL-TG-07,DEMO-A,PGM-A-07,P02,BATCH-DEMO-02,A,40.557,89.394,6.205,4.806,0,OK,,38,normal
EVT-00605,2026-07-14T10:51:00,ST-FAS-07,TOOL-TG-07,CTRL-TG-07,DEMO-A,PGM-A-07,P04,BATCH-DEMO-02,A,55.128,101.542,6.376,4.922,0,OK,,38,normal
EVT-00087,2026-07-14T10:52:00,ST-FAS-07,TOOL-TG-07,CTRL-TG-07,DEMO-A,PGM-A-07,P01,BATCH-DEMO-02,A,31.902,81.728,6.067,4.768,0,OK,,38,normal
EVT-00386,2026-07-14T10:52:00,ST-FAS-07,TOOL-TG-07,CTRL-TG-07,DEMO-A,PGM-A-07,P03,BATCH-DEMO-02,A,48.231,96.181,6.476,4.783,0,OK,,31,normal
EVT-00755,2026-07-14T10:52:00,ST-FAS-07,TOOL-TG-07,CTRL-TG-07,DEMO-A,PGM-A-07,P05,BATCH-DEMO-02,A,64.717,111.394,6.719,4.977,0,OK,,38,normal
EVT-00237,2026-07-14T10:53:00,ST-FAS-07,TOOL-TG-07,CTRL-TG-07,DEMO-A,PGM-A-07,P02,BATCH-DEMO-02,A,39.713,89.777,6.29,4.607,0,OK,,38,normal
EVT-00606,2026-07-14T10:53:00,ST-FAS-07,TOOL-TG-07,CTRL-TG-07,DEMO-A,PGM-A-07,P04,BATCH-DEMO-02,A,56.368,105.843,6.344,4.887,0,OK,,38,normal
EVT-00088,2026-07-14T10:54:00,ST-FAS-07,TOOL-TG-07,CTRL-TG-07,DEMO-A,PGM-A-07,P01,BATCH-DEMO-02,A,31.667,79.619,6.25,4.729,0,OK,,38,normal
EVT-00387,2026-07-14T10:54:00,ST-FAS-07,TOOL-TG-07,CTRL-TG-07,DEMO-A,PGM-A-07,P03,BATCH-DEMO-02,A,48.403,99.039,6.564,4.815,0,OK,,31,normal
EVT-00756,2026-07-14T10:54:00,ST-FAS-07,TOOL-TG-07,CTRL-TG-07,DEMO-A,PGM-A-07,P05,BATCH-DEMO-02,A,63.745,111.182,6.632,4.933,0,OK,,38,normal
EVT-00238,2026-07-14T10:55:00,ST-FAS-07,TOOL-TG-07,CTRL-TG-07,DEMO-A,PGM-A-07,P02,BATCH-DEMO-02,A,40.515,91.549,6.324,4.798,0,OK,,38,normal
EVT-00607,2026-07-14T10:55:00,ST-FAS-07,TOOL-TG-07,CTRL-TG-07,DEMO-A,PGM-A-07,P04,BATCH-DEMO-02,A,56.522,101.192,6.329,4.856,0,OK,,38,normal
EVT-00089,2026-07-14T10:56:00,ST-FAS-07,TOOL-TG-07,CTRL-TG-07,DEMO-A,PGM-A-07,P01,BATCH-DEMO-02,A,32.158,79.563,6.169,4.573,0,OK,,38,normal
EVT-00388,2026-07-14T10:56:00,ST-FAS-07,TOOL-TG-07,CTRL-TG-07,DEMO-A,PGM-A-07,P03,BATCH-DEMO-02,A,48.291,93.58,6.464,4.705,0,OK,,31,normal
EVT-00757,2026-07-14T10:56:00,ST-FAS-07,TOOL-TG-07,CTRL-TG-07,DEMO-A,PGM-A-07,P05,BATCH-DEMO-02,A,64.133,110.997,6.642,5.084,0,OK,,38,normal
EVT-00239,2026-07-14T10:57:00,ST-FAS-07,TOOL-TG-07,CTRL-TG-07,DEMO-A,PGM-A-07,P02,BATCH-DEMO-02,A,41.339,91.641,6.276,4.806,0,OK,,38,normal
EVT-00608,2026-07-14T10:57:00,ST-FAS-07,TOOL-TG-07,CTRL-TG-07,DEMO-A,PGM-A-07,P04,BATCH-DEMO-02,A,56.256,102.307,6.509,4.744,0,OK,,38,normal
EVT-00090,2026-07-14T10:58:00,ST-FAS-07,TOOL-TG-07,CTRL-TG-07,DEMO-A,PGM-A-07,P01,BATCH-DEMO-02,A,31.587,79.838,6.042,4.637,0,OK,,38,normal
EVT-00389,2026-07-14T10:58:00,ST-FAS-07,TOOL-TG-07,CTRL-TG-07,DEMO-A,PGM-A-07,P03,BATCH-DEMO-02,A,46.706,100.246,6.447,4.938,0,OK,,31,normal
EVT-00758,2026-07-14T10:58:00,ST-FAS-07,TOOL-TG-07,CTRL-TG-07,DEMO-A,PGM-A-07,P05,BATCH-DEMO-02,A,63.758,115.967,6.697,4.918,0,OK,,38,normal
EVT-00240,2026-07-14T10:59:00,ST-FAS-07,TOOL-TG-07,CTRL-TG-07,DEMO-A,PGM-A-07,P02,BATCH-DEMO-02,A,40.346,89.707,5.998,4.754,0,OK,,38,normal
EVT-00609,2026-07-14T10:59:00,ST-FAS-07,TOOL-TG-07,CTRL-TG-07,DEMO-A,PGM-A-07,P04,BATCH-DEMO-02,A,56.605,105.646,6.4,4.8,0,OK,,38,normal
EVT-00091,2026-07-14T11:00:00,ST-FAS-07,TOOL-TG-07,CTRL-TG-07,DEMO-A,PGM-A-07,P01,BATCH-DEMO-02,A,31.597,79.672,5.976,4.655,0,OK,,38,normal
EVT-00390,2026-07-14T11:00:00,ST-FAS-07,TOOL-TG-07,CTRL-TG-07,DEMO-A,PGM-A-07,P03,BATCH-DEMO-02,A,48.008,95.094,6.317,5.013,0,OK,,31,normal
EVT-00759,2026-07-14T11:00:00,ST-FAS-07,TOOL-TG-07,CTRL-TG-07,DEMO-A,PGM-A-07,P05,BATCH-DEMO-02,A,65.431,109.897,6.48,5.074,0,OK,,38,normal
EVT-00241,2026-07-14T11:01:00,ST-FAS-07,TOOL-TG-07,CTRL-TG-07,DEMO-A,PGM-A-07,P02,BATCH-DEMO-02,A,40.0,90.286,6.426,4.648,0,OK,,38,normal
EVT-00610,2026-07-14T11:01:00,ST-FAS-07,TOOL-TG-07,CTRL-TG-07,DEMO-A,PGM-A-07,P04,BATCH-DEMO-02,A,54.707,104.546,6.514,5.011,0,OK,,38,normal
EVT-00092,2026-07-14T11:02:00,ST-FAS-07,TOOL-TG-07,CTRL-TG-07,DEMO-A,PGM-A-07,P01,BATCH-DEMO-02,A,32.056,81.741,6.202,4.661,0,OK,,38,normal
EVT-00391,2026-07-14T11:02:00,ST-FAS-07,TOOL-TG-07,CTRL-TG-07,DEMO-A,PGM-A-07,P03,BATCH-DEMO-02,A,48.804,91.279,6.444,4.814,0,OK,,30,normal
EVT-00760,2026-07-14T11:02:00,ST-FAS-07,TOOL-TG-07,CTRL-TG-07,DEMO-A,PGM-A-07,P05,BATCH-DEMO-02,A,64.338,110.707,6.69,5.128,0,OK,,38,normal
EVT-00242,2026-07-14T11:03:00,ST-FAS-07,TOOL-TG-07,CTRL-TG-07,DEMO-A,PGM-A-07,P02,BATCH-DEMO-02,A,40.539,86.766,6.137,4.594,0,OK,,38,normal
EVT-00611,2026-07-14T11:03:00,ST-FAS-07,TOOL-TG-07,CTRL-TG-07,DEMO-A,PGM-A-07,P04,BATCH-DEMO-02,A,54.631,104.523,6.675,4.781,0,OK,,38,normal
EVT-00093,2026-07-14T11:04:00,ST-FAS-07,TOOL-TG-07,CTRL-TG-07,DEMO-A,PGM-A-07,P01,BATCH-DEMO-02,A,32.406,82.502,6.187,4.755,0,OK,,38,normal
EVT-00392,2026-07-14T11:04:00,ST-FAS-07,TOOL-TG-07,CTRL-TG-07,DEMO-A,PGM-A-07,P03,BATCH-DEMO-02,A,47.795,95.876,6.287,4.851,0,OK,,30,normal
EVT-00761,2026-07-14T11:04:00,ST-FAS-07,TOOL-TG-07,CTRL-TG-07,DEMO-A,PGM-A-07,P05,BATCH-DEMO-02,A,64.506,110.399,6.568,4.851,0,OK,,38,normal
EVT-00243,2026-07-14T11:05:00,ST-FAS-07,TOOL-TG-07,CTRL-TG-07,DEMO-A,PGM-A-07,P02,BATCH-DEMO-02,A,39.582,90.957,6.388,4.62,0,OK,,38,normal
EVT-00612,2026-07-14T11:05:00,ST-FAS-07,TOOL-TG-07,CTRL-TG-07,DEMO-A,PGM-A-07,P04,BATCH-DEMO-02,A,56.873,104.174,6.482,4.905,0,OK,,38,normal
EVT-00094,2026-07-14T11:06:00,ST-FAS-07,TOOL-TG-07,CTRL-TG-07,DEMO-A,PGM-A-07,P01,BATCH-DEMO-02,A,31.961,85.942,6.139,4.54,0,OK,,38,normal
EVT-00393,2026-07-14T11:06:00,ST-FAS-07,TOOL-TG-07,CTRL-TG-07,DEMO-A,PGM-A-07,P03,BATCH-DEMO-02,A,46.635,97.495,6.355,4.807,0,OK,,30,normal
EVT-00762,2026-07-14T11:06:00,ST-FAS-07,TOOL-TG-07,CTRL-TG-07,DEMO-A,PGM-A-07,P05,BATCH-DEMO-02,A,63.47,115.847,6.76,5.103,0,OK,,38,normal
EVT-00244,2026-07-14T11:07:00,ST-FAS-07,TOOL-TG-07,CTRL-TG-07,DEMO-A,PGM-A-07,P02,BATCH-DEMO-02,A,39.743,94.66,6.257,4.671,0,OK,,38,normal
EVT-00613,2026-07-14T11:07:00,ST-FAS-07,TOOL-TG-07,CTRL-TG-07,DEMO-A,PGM-A-07,P04,BATCH-DEMO-02,A,56.515,100.355,6.524,4.963,0,OK,,38,normal
EVT-00095,2026-07-14T11:08:00,ST-FAS-07,TOOL-TG-07,CTRL-TG-07,DEMO-A,PGM-A-07,P01,BATCH-DEMO-02,A,30.685,80.164,6.015,4.603,0,OK,,38,normal
EVT-00394,2026-07-14T11:08:00,ST-FAS-07,TOOL-TG-07,CTRL-TG-07,DEMO-A,PGM-A-07,P03,BATCH-DEMO-02,A,48.227,93.728,6.223,4.911,0,OK,,30,normal
EVT-00763,2026-07-14T11:08:00,ST-FAS-07,TOOL-TG-07,CTRL-TG-07,DEMO-A,PGM-A-07,P05,BATCH-DEMO-02,A,64.905,108.744,6.674,4.859,0,OK,,38,normal
EVT-00245,2026-07-14T11:09:00,ST-FAS-07,TOOL-TG-07,CTRL-TG-07,DEMO-A,PGM-A-07,P02,BATCH-DEMO-02,A,40.071,87.205,6.423,4.873,0,OK,,38,normal
EVT-00614,2026-07-14T11:09:00,ST-FAS-07,TOOL-TG-07,CTRL-TG-07,DEMO-A,PGM-A-07,P04,BATCH-DEMO-02,A,56.222,105.386,6.617,4.986,0,OK,,38,normal
EVT-00096,2026-07-14T11:10:00,ST-FAS-07,TOOL-TG-07,CTRL-TG-07,DEMO-A,PGM-A-07,P01,BATCH-DEMO-02,A,32.281,83.799,6.088,4.536,0,OK,,38,normal
EVT-00395,2026-07-14T11:10:00,ST-FAS-07,TOOL-TG-07,CTRL-TG-07,DEMO-A,PGM-A-07,P03,BATCH-DEMO-02,A,48.12,98.06,6.455,4.682,0,OK,,30,normal
EVT-00764,2026-07-14T11:10:00,ST-FAS-07,TOOL-TG-07,CTRL-TG-07,DEMO-A,PGM-A-07,P05,BATCH-DEMO-02,A,62.486,112.915,6.829,4.897,0,OK,,38,normal
EVT-00246,2026-07-14T11:11:00,ST-FAS-07,TOOL-TG-07,CTRL-TG-07,DEMO-A,PGM-A-07,P02,BATCH-DEMO-02,A,40.899,90.214,6.19,4.878,0,OK,,38,normal
EVT-00615,2026-07-14T11:11:00,ST-FAS-07,TOOL-TG-07,CTRL-TG-07,DEMO-A,PGM-A-07,P04,BATCH-DEMO-02,A,55.572,104.309,6.552,4.968,0,OK,,38,normal
EVT-00097,2026-07-14T11:12:00,ST-FAS-07,TOOL-TG-07,CTRL-TG-07,DEMO-A,PGM-A-07,P01,BATCH-DEMO-02,A,32.378,82.172,5.965,4.767,0,OK,,38,normal
EVT-00396,2026-07-14T11:12:00,ST-FAS-07,TOOL-TG-07,CTRL-TG-07,DEMO-A,PGM-A-07,P03,BATCH-DEMO-02,A,48.41,93.679,6.6,4.852,0,OK,,30,normal
EVT-00765,2026-07-14T11:12:00,ST-FAS-07,TOOL-TG-07,CTRL-TG-07,DEMO-A,PGM-A-07,P05,BATCH-DEMO-02,A,64.93,111.078,6.65,4.805,0,OK,,38,normal
EVT-00247,2026-07-14T11:13:00,ST-FAS-07,TOOL-TG-07,CTRL-TG-07,DEMO-A,PGM-A-07,P02,BATCH-DEMO-02,A,40.038,93.527,6.361,4.749,0,OK,,38,normal
EVT-00616,2026-07-14T11:13:00,ST-FAS-07,TOOL-TG-07,CTRL-TG-07,DEMO-A,PGM-A-07,P04,BATCH-DEMO-02,A,57.01,104.634,6.677,4.86,0,OK,,38,normal
EVT-00098,2026-07-14T11:14:00,ST-FAS-07,TOOL-TG-07,CTRL-TG-07,DEMO-A,PGM-A-07,P01,BATCH-DEMO-02,A,32.659,82.002,6.217,4.641,0,OK,,38,normal
EVT-00397,2026-07-14T11:14:00,ST-FAS-07,TOOL-TG-07,CTRL-TG-07,DEMO-A,PGM-A-07,P03,BATCH-DEMO-02,A,47.604,96.489,6.271,4.731,0,OK,,29,normal
EVT-00766,2026-07-14T11:14:00,ST-FAS-07,TOOL-TG-07,CTRL-TG-07,DEMO-A,PGM-A-07,P05,BATCH-DEMO-02,A,62.86,114.525,6.842,4.78,0,OK,,38,normal
EVT-00248,2026-07-14T11:15:00,ST-FAS-07,TOOL-TG-07,CTRL-TG-07,DEMO-A,PGM-A-07,P02,BATCH-DEMO-02,A,39.578,92.966,6.22,4.777,0,OK,,38,normal
EVT-00617,2026-07-14T11:15:00,ST-FAS-07,TOOL-TG-07,CTRL-TG-07,DEMO-A,PGM-A-07,P04,BATCH-DEMO-02,A,56.819,104.084,6.586,4.948,0,OK,,38,normal
EVT-00099,2026-07-14T11:16:00,ST-FAS-07,TOOL-TG-07,CTRL-TG-07,DEMO-A,PGM-A-07,P01,BATCH-DEMO-02,A,32.179,79.692,6.054,4.696,0,OK,,38,normal
EVT-00398,2026-07-14T11:16:00,ST-FAS-07,TOOL-TG-07,CTRL-TG-07,DEMO-A,PGM-A-07,P03,BATCH-DEMO-02,A,48.129,93.96,6.599,4.805,0,OK,,29,normal
EVT-00767,2026-07-14T11:16:00,ST-FAS-07,TOOL-TG-07,CTRL-TG-07,DEMO-A,PGM-A-07,P05,BATCH-DEMO-02,A,64.346,110.41,6.751,4.915,0,OK,,38,normal
EVT-00249,2026-07-14T11:17:00,ST-FAS-07,TOOL-TG-07,CTRL-TG-07,DEMO-A,PGM-A-07,P02,BATCH-DEMO-02,A,40.144,91.243,6.176,4.797,0,OK,,38,normal
EVT-00618,2026-07-14T11:17:00,ST-FAS-07,TOOL-TG-07,CTRL-TG-07,DEMO-A,PGM-A-07,P04,BATCH-DEMO-02,A,56.525,104.977,6.457,4.925,0,OK,,38,normal
EVT-00100,2026-07-14T11:18:00,ST-FAS-07,TOOL-TG-07,CTRL-TG-07,DEMO-A,PGM-A-07,P01,BATCH-DEMO-02,A,32.686,79.533,5.881,4.541,0,OK,,38,normal
EVT-00399,2026-07-14T11:18:00,ST-FAS-07,TOOL-TG-07,CTRL-TG-07,DEMO-A,PGM-A-07,P03,BATCH-DEMO-02,A,47.812,94.196,6.311,4.93,0,OK,,29,normal
EVT-00768,2026-07-14T11:18:00,ST-FAS-07,TOOL-TG-07,CTRL-TG-07,DEMO-A,PGM-A-07,P05,BATCH-DEMO-02,A,64.153,111.76,6.845,5.064,0,OK,,38,normal
EVT-00250,2026-07-14T11:19:00,ST-FAS-07,TOOL-TG-07,CTRL-TG-07,DEMO-A,PGM-A-07,P02,BATCH-DEMO-02,A,40.269,89.261,6.404,4.652,0,OK,,38,normal
EVT-00619,2026-07-14T11:19:00,ST-FAS-07,TOOL-TG-07,CTRL-TG-07,DEMO-A,PGM-A-07,P04,BATCH-DEMO-02,A,55.297,102.451,6.463,5.011,0,OK,,38,normal
EVT-00101,2026-07-14T11:20:00,ST-FAS-07,TOOL-TG-07,CTRL-TG-07,DEMO-A,PGM-A-07,P01,BATCH-DEMO-02,A,31.46,80.88,6.105,4.618,0,OK,,38,normal
EVT-00400,2026-07-14T11:20:00,ST-FAS-07,TOOL-TG-07,CTRL-TG-07,DEMO-A,PGM-A-07,P03,BATCH-DEMO-02,A,48.103,95.702,6.367,4.837,0,OK,,29,normal
EVT-00769,2026-07-14T11:20:00,ST-FAS-07,TOOL-TG-07,CTRL-TG-07,DEMO-A,PGM-A-07,P05,BATCH-DEMO-02,A,63.164,113.583,6.965,4.904,0,OK,,38,normal
EVT-00251,2026-07-14T11:21:00,ST-FAS-07,TOOL-TG-07,CTRL-TG-07,DEMO-A,PGM-A-07,P02,BATCH-DEMO-02,A,39.402,89.724,6.17,4.721,0,OK,,38,normal
EVT-00620,2026-07-14T11:21:00,ST-FAS-07,TOOL-TG-07,CTRL-TG-07,DEMO-A,PGM-A-07,P04,BATCH-DEMO-02,A,56.038,104.587,6.54,4.746,0,OK,,38,normal
EVT-00102,2026-07-14T11:22:00,ST-FAS-07,TOOL-TG-07,CTRL-TG-07,DEMO-A,PGM-A-07,P01,BATCH-DEMO-02,A,32.843,82.863,6.013,4.737,0,OK,,38,normal
EVT-00401,2026-07-14T11:22:00,ST-FAS-07,TOOL-TG-07,CTRL-TG-07,DEMO-A,PGM-A-07,P03,BATCH-DEMO-02,A,50.087,93.214,6.63,4.783,0,OK,,29,normal
EVT-00770,2026-07-14T11:22:00,ST-FAS-07,TOOL-TG-07,CTRL-TG-07,DEMO-A,PGM-A-07,P05,BATCH-DEMO-02,A,64.769,110.826,6.716,5.117,0,OK,,38,normal
EVT-00252,2026-07-14T11:23:00,ST-FAS-07,TOOL-TG-07,CTRL-TG-07,DEMO-A,PGM-A-07,P02,BATCH-DEMO-02,A,39.651,89.151,6.259,4.512,0,OK,,38,normal
EVT-00621,2026-07-14T11:23:00,ST-FAS-07,TOOL-TG-07,CTRL-TG-07,DEMO-A,PGM-A-07,P04,BATCH-DEMO-02,A,55.293,103.786,6.574,4.874,0,OK,,38,normal
EVT-00103,2026-07-14T11:24:00,ST-FAS-07,TOOL-TG-07,CTRL-TG-07,DEMO-A,PGM-A-07,P01,BATCH-DEMO-02,A,32.114,81.826,6.283,4.71,0,OK,,38,normal
EVT-00402,2026-07-14T11:24:00,ST-FAS-07,TOOL-TG-07,CTRL-TG-07,DEMO-A,PGM-A-07,P03,BATCH-DEMO-02,A,46.852,91.209,6.538,4.655,0,OK,,29,normal
EVT-00771,2026-07-14T11:24:00,ST-FAS-07,TOOL-TG-07,CTRL-TG-07,DEMO-A,PGM-A-07,P05,BATCH-DEMO-02,A,64.255,106.291,6.757,4.809,0,OK,,38,normal
EVT-00253,2026-07-14T11:25:00,ST-FAS-07,TOOL-TG-07,CTRL-TG-07,DEMO-A,PGM-A-07,P02,BATCH-DEMO-02,A,41.299,91.296,6.281,4.515,0,OK,,38,normal
EVT-00622,2026-07-14T11:25:00,ST-FAS-07,TOOL-TG-07,CTRL-TG-07,DEMO-A,PGM-A-07,P04,BATCH-DEMO-02,A,56.027,105.204,6.679,4.892,0,OK,,38,normal
EVT-00104,2026-07-14T11:26:00,ST-FAS-07,TOOL-TG-07,CTRL-TG-07,DEMO-A,PGM-A-07,P01,BATCH-DEMO-02,A,32.307,86.471,6.156,4.567,0,OK,,38,normal
EVT-00403,2026-07-14T11:26:00,ST-FAS-07,TOOL-TG-07,CTRL-TG-07,DEMO-A,PGM-A-07,P03,BATCH-DEMO-02,A,49.106,91.419,6.551,4.716,0,OK,,28,normal
EVT-00772,2026-07-14T11:26:00,ST-FAS-07,TOOL-TG-07,CTRL-TG-07,DEMO-A,PGM-A-07,P05,BATCH-DEMO-02,A,63.884,112.094,6.697,5.08,0,OK,,38,normal
EVT-00254,2026-07-14T11:27:00,ST-FAS-07,TOOL-TG-07,CTRL-TG-07,DEMO-A,PGM-A-07,P02,BATCH-DEMO-02,A,39.085,90.043,6.202,4.786,0,OK,,38,normal
EVT-00623,2026-07-14T11:27:00,ST-FAS-07,TOOL-TG-07,CTRL-TG-07,DEMO-A,PGM-A-07,P04,BATCH-DEMO-02,A,55.592,100.189,6.467,4.896,0,OK,,38,normal
EVT-00105,2026-07-14T11:28:00,ST-FAS-07,TOOL-TG-07,CTRL-TG-07,DEMO-A,PGM-A-07,P01,BATCH-DEMO-02,A,31.864,81.866,6.255,4.58,0,OK,,38,normal
EVT-00404,2026-07-14T11:28:00,ST-FAS-07,TOOL-TG-07,CTRL-TG-07,DEMO-A,PGM-A-07,P03,BATCH-DEMO-02,A,48.386,90.766,6.64,4.87,0,OK,,28,normal
EVT-00773,2026-07-14T11:28:00,ST-FAS-07,TOOL-TG-07,CTRL-TG-07,DEMO-A,PGM-A-07,P05,BATCH-DEMO-02,A,64.787,108.027,6.71,4.963,0,OK,,38,normal
EVT-00255,2026-07-14T11:29:00,ST-FAS-07,TOOL-TG-07,CTRL-TG-07,DEMO-A,PGM-A-07,P02,BATCH-DEMO-02,A,39.687,87.279,6.288,4.817,0,OK,,38,normal
EVT-00624,2026-07-14T11:29:00,ST-FAS-07,TOOL-TG-07,CTRL-TG-07,DEMO-A,PGM-A-07,P04,BATCH-DEMO-02,A,56.899,104.419,6.641,4.736,0,OK,,38,normal
EVT-00106,2026-07-14T11:30:00,ST-FAS-07,TOOL-TG-07,CTRL-TG-07,DEMO-A,PGM-A-07,P01,BATCH-DEMO-02,A,32.466,83.478,6.055,4.612,0,OK,,38,normal
EVT-00405,2026-07-14T11:30:00,ST-FAS-07,TOOL-TG-07,CTRL-TG-07,DEMO-A,PGM-A-07,P03,BATCH-DEMO-02,A,47.812,93.71,6.457,4.795,0,OK,,28,normal
EVT-00774,2026-07-14T11:30:00,ST-FAS-07,TOOL-TG-07,CTRL-TG-07,DEMO-A,PGM-A-07,P05,BATCH-DEMO-02,A,63.757,113.033,6.63,5.188,0,OK,,38,normal
EVT-00256,2026-07-14T11:31:00,ST-FAS-07,TOOL-TG-07,CTRL-TG-07,DEMO-A,PGM-A-07,P02,BATCH-DEMO-02,A,39.969,95.25,6.27,4.628,0,OK,,38,normal
EVT-00625,2026-07-14T11:31:00,ST-FAS-07,TOOL-TG-07,CTRL-TG-07,DEMO-A,PGM-A-07,P04,BATCH-DEMO-02,A,56.03,101.627,6.806,4.759,0,OK,,38,normal
EVT-00107,2026-07-14T11:32:00,ST-FAS-07,TOOL-TG-07,CTRL-TG-07,DEMO-A,PGM-A-07,P01,BATCH-DEMO-02,A,31.219,84.722,6.188,4.764,0,OK,,38,normal
EVT-00406,2026-07-14T11:32:00,ST-FAS-07,TOOL-TG-07,CTRL-TG-07,DEMO-A,PGM-A-07,P03,BATCH-DEMO-02,A,47.142,97.969,6.346,4.735,0,OK,,28,normal
EVT-00775,2026-07-14T11:32:00,ST-FAS-07,TOOL-TG-07,CTRL-TG-07,DEMO-A,PGM-A-07,P05,BATCH-DEMO-02,A,63.45,112.09,6.827,5.022,0,OK,,38,normal
EVT-00257,2026-07-14T11:33:00,ST-FAS-07,TOOL-TG-07,CTRL-TG-07,DEMO-A,PGM-A-07,P02,BATCH-DEMO-02,A,40.031,90.622,6.417,4.849,0,OK,,38,normal
EVT-00626,2026-07-14T11:33:00,ST-FAS-07,TOOL-TG-07,CTRL-TG-07,DEMO-A,PGM-A-07,P04,BATCH-DEMO-02,A,56.284,103.155,6.705,4.963,0,OK,,38,normal
EVT-00108,2026-07-14T11:34:00,ST-FAS-07,TOOL-TG-07,CTRL-TG-07,DEMO-A,PGM-A-07,P01,BATCH-DEMO-02,A,32.572,81.716,6.348,4.673,0,OK,,38,normal
EVT-00407,2026-07-14T11:34:00,ST-FAS-07,TOOL-TG-07,CTRL-TG-07,DEMO-A,PGM-A-07,P03,BATCH-DEMO-02,A,46.082,92.136,6.256,4.779,0,OK,,28,normal
EVT-00776,2026-07-14T11:34:00,ST-FAS-07,TOOL-TG-07,CTRL-TG-07,DEMO-A,PGM-A-07,P05,BATCH-DEMO-02,A,64.362,112.038,6.805,5.032,0,OK,,38,normal
EVT-00258,2026-07-14T11:35:00,ST-FAS-07,TOOL-TG-07,CTRL-TG-07,DEMO-A,PGM-A-07,P02,BATCH-DEMO-02,A,39.206,90.57,6.13,4.586,0,OK,,38,normal
EVT-00627,2026-07-14T11:35:00,ST-FAS-07,TOOL-TG-07,CTRL-TG-07,DEMO-A,PGM-A-07,P04,BATCH-DEMO-02,A,56.058,102.773,6.747,5.11,0,OK,,38,normal
EVT-00109,2026-07-14T11:36:00,ST-FAS-07,TOOL-TG-07,CTRL-TG-07,DEMO-A,PGM-A-07,P01,BATCH-DEMO-02,A,32.547,80.865,6.116,4.698,0,OK,,38,normal
EVT-00408,2026-07-14T11:36:00,ST-FAS-07,TOOL-TG-07,CTRL-TG-07,DEMO-A,PGM-A-07,P03,BATCH-DEMO-02,A,48.077,96.414,6.355,4.804,0,OK,,28,normal
EVT-00777,2026-07-14T11:36:00,ST-FAS-07,TOOL-TG-07,CTRL-TG-07,DEMO-A,PGM-A-07,P05,BATCH-DEMO-02,A,63.983,112.312,6.677,5.133,0,OK,,38,normal
EVT-00259,2026-07-14T11:37:00,ST-FAS-07,TOOL-TG-07,CTRL-TG-07,DEMO-A,PGM-A-07,P02,BATCH-DEMO-02,A,39.948,91.385,6.205,4.649,0,OK,,38,normal
EVT-00628,2026-07-14T11:37:00,ST-FAS-07,TOOL-TG-07,CTRL-TG-07,DEMO-A,PGM-A-07,P04,BATCH-DEMO-02,A,56.241,102.652,6.663,4.819,0,OK,,38,normal
EVT-00110,2026-07-14T11:38:00,ST-FAS-07,TOOL-TG-07,CTRL-TG-07,DEMO-A,PGM-A-07,P01,BATCH-DEMO-02,A,31.984,82.486,6.261,4.816,0,OK,,38,normal
EVT-00409,2026-07-14T11:38:00,ST-FAS-07,TOOL-TG-07,CTRL-TG-07,DEMO-A,PGM-A-07,P03,BATCH-DEMO-02,A,47.948,93.944,6.281,4.799,0,OK,,27,normal
EVT-00778,2026-07-14T11:38:00,ST-FAS-07,TOOL-TG-07,CTRL-TG-07,DEMO-A,PGM-A-07,P05,BATCH-DEMO-02,A,62.845,110.519,6.745,5.058,0,OK,,38,normal
EVT-00260,2026-07-14T11:39:00,ST-FAS-07,TOOL-TG-07,CTRL-TG-07,DEMO-A,PGM-A-07,P02,BATCH-DEMO-02,A,39.274,91.287,6.363,4.698,0,OK,,38,normal
EVT-00629,2026-07-14T11:39:00,ST-FAS-07,TOOL-TG-07,CTRL-TG-07,DEMO-A,PGM-A-07,P04,BATCH-DEMO-02,A,55.884,101.145,6.71,4.973,0,OK,,38,normal
EVT-00111,2026-07-14T11:40:00,ST-FAS-07,TOOL-TG-07,CTRL-TG-07,DEMO-A,PGM-A-07,P01,BATCH-DEMO-03,A,31.58,83.108,6.017,4.66,0,OK,,38,normal
EVT-00410,2026-07-14T11:40:00,ST-FAS-07,TOOL-TG-07,CTRL-TG-07,DEMO-A,PGM-A-07,P03,BATCH-DEMO-02,A,48.291,95.345,6.493,4.701,0,OK,,27,normal
EVT-00779,2026-07-14T11:40:00,ST-FAS-07,TOOL-TG-07,CTRL-TG-07,DEMO-A,PGM-A-07,P05,BATCH-DEMO-02,A,62.898,110.902,6.919,4.94,0,OK,,38,normal
EVT-00261,2026-07-14T11:41:00,ST-FAS-07,TOOL-TG-07,CTRL-TG-07,DEMO-A,PGM-A-07,P02,BATCH-DEMO-03,A,40.548,94.023,6.403,4.874,0,OK,,38,normal
EVT-00630,2026-07-14T11:41:00,ST-FAS-07,TOOL-TG-07,CTRL-TG-07,DEMO-A,PGM-A-07,P04,BATCH-DEMO-02,A,54.497,103.066,6.623,5.023,0,OK,,38,normal
EVT-00112,2026-07-14T11:42:00,ST-FAS-07,TOOL-TG-07,CTRL-TG-07,DEMO-A,PGM-A-07,P01,BATCH-DEMO-03,A,32.009,79.587,6.028,4.776,0,OK,,38,normal
EVT-00411,2026-07-14T11:42:00,ST-FAS-07,TOOL-TG-07,CTRL-TG-07,DEMO-A,PGM-A-07,P03,BATCH-DEMO-03,A,46.954,92.366,6.502,4.841,0,OK,,27,normal
EVT-00780,2026-07-14T11:42:00,ST-FAS-07,TOOL-TG-07,CTRL-TG-07,DEMO-A,PGM-A-07,P05,BATCH-DEMO-02,A,64.946,113.306,6.606,5.013,1,OK,,38,normal
EVT-00262,2026-07-14T11:43:00,ST-FAS-07,TOOL-TG-07,CTRL-TG-07,DEMO-A,PGM-A-07,P02,BATCH-DEMO-03,A,40.783,88.928,6.206,4.76,0,OK,,38,normal
EVT-00631,2026-07-14T11:43:00,ST-FAS-07,TOOL-TG-07,CTRL-TG-07,DEMO-A,PGM-A-07,P04,BATCH-DEMO-03,A,54.945,104.2,6.398,4.992,0,OK,,38,normal
EVT-00113,2026-07-14T11:44:00,ST-FAS-07,TOOL-TG-07,CTRL-TG-07,DEMO-A,PGM-A-07,P01,BATCH-DEMO-03,A,33.264,83.139,6.192,4.689,0,OK,,38,normal
EVT-00412,2026-07-14T11:44:00,ST-FAS-07,TOOL-TG-07,CTRL-TG-07,DEMO-A,PGM-A-07,P03,BATCH-DEMO-03,A,48.11,97.995,6.44,5.01,0,OK,,27,normal
EVT-00781,2026-07-14T11:44:00,ST-FAS-07,TOOL-TG-07,CTRL-TG-07,DEMO-A,PGM-A-07,P05,BATCH-DEMO-03,A,63.865,108.645,6.717,4.891,0,OK,,38,normal
EVT-00263,2026-07-14T11:45:00,ST-FAS-07,TOOL-TG-07,CTRL-TG-07,DEMO-A,PGM-A-07,P02,BATCH-DEMO-03,A,40.452,90.136,6.383,4.851,0,OK,,38,normal
EVT-00632,2026-07-14T11:45:00,ST-FAS-07,TOOL-TG-07,CTRL-TG-07,DEMO-A,PGM-A-07,P04,BATCH-DEMO-03,A,55.5,99.968,6.564,4.887,0,OK,,38,normal
EVT-00114,2026-07-14T11:46:00,ST-FAS-07,TOOL-TG-07,CTRL-TG-07,DEMO-A,PGM-A-07,P01,BATCH-DEMO-03,A,31.882,83.893,5.978,4.524,0,OK,,38,normal
EVT-00413,2026-07-14T11:46:00,ST-FAS-07,TOOL-TG-07,CTRL-TG-07,DEMO-A,PGM-A-07,P03,BATCH-DEMO-03,A,48.734,95.203,6.237,4.791,0,OK,,27,normal
EVT-00782,2026-07-14T11:46:00,ST-FAS-07,TOOL-TG-07,CTRL-TG-07,DEMO-A,PGM-A-07,P05,BATCH-DEMO-03,A,64.345,118.293,6.933,5.032,0,OK,,38,normal
EVT-00264,2026-07-14T11:47:00,ST-FAS-07,TOOL-TG-07,CTRL-TG-07,DEMO-A,PGM-A-07,P02,BATCH-DEMO-03,A,40.335,86.602,6.198,4.669,0,OK,,38,normal
EVT-00633,2026-07-14T11:47:00,ST-FAS-07,TOOL-TG-07,CTRL-TG-07,DEMO-A,PGM-A-07,P04,BATCH-DEMO-03,A,55.111,104.115,6.536,4.847,0,OK,,38,normal
EVT-00115,2026-07-14T11:48:00,ST-FAS-07,TOOL-TG-07,CTRL-TG-07,DEMO-A,PGM-A-07,P01,BATCH-DEMO-03,A,32.384,84.452,6.134,4.661,0,OK,,38,normal
EVT-00414,2026-07-14T11:48:00,ST-FAS-07,TOOL-TG-07,CTRL-TG-07,DEMO-A,PGM-A-07,P03,BATCH-DEMO-03,A,47.913,96.145,6.65,4.9,0,OK,,27,normal
EVT-00783,2026-07-14T11:48:00,ST-FAS-07,TOOL-TG-07,CTRL-TG-07,DEMO-A,PGM-A-07,P05,BATCH-DEMO-03,A,64.34,112.23,6.842,5.011,0,OK,,38,normal
EVT-00265,2026-07-14T11:49:00,ST-FAS-07,TOOL-TG-07,CTRL-TG-07,DEMO-A,PGM-A-07,P02,BATCH-DEMO-03,A,40.526,86.323,6.218,4.832,0,OK,,38,normal
EVT-00634,2026-07-14T11:49:00,ST-FAS-07,TOOL-TG-07,CTRL-TG-07,DEMO-A,PGM-A-07,P04,BATCH-DEMO-03,A,57.012,102.636,6.466,4.952,0,OK,,38,normal
EVT-00116,2026-07-14T11:50:00,ST-FAS-07,TOOL-TG-07,CTRL-TG-07,DEMO-A,PGM-A-07,P01,BATCH-DEMO-03,A,32.277,84.629,5.917,4.601,0,OK,,38,normal
EVT-00415,2026-07-14T11:50:00,ST-FAS-07,TOOL-TG-07,CTRL-TG-07,DEMO-A,PGM-A-07,P03,BATCH-DEMO-03,A,48.094,96.968,6.313,4.868,0,OK,,26,normal
EVT-00784,2026-07-14T11:50:00,ST-FAS-07,TOOL-TG-07,CTRL-TG-07,DEMO-A,PGM-A-07,P05,BATCH-DEMO-03,A,63.973,108.647,6.889,4.978,0,OK,,38,normal
EVT-00266,2026-07-14T11:51:00,ST-FAS-07,TOOL-TG-07,CTRL-TG-07,DEMO-A,PGM-A-07,P02,BATCH-DEMO-03,A,39.455,91.348,6.082,4.673,0,OK,,38,normal
EVT-00635,2026-07-14T11:51:00,ST-FAS-07,TOOL-TG-07,CTRL-TG-07,DEMO-A,PGM-A-07,P04,BATCH-DEMO-03,A,54.397,102.376,6.621,4.903,0,OK,,38,normal
EVT-00117,2026-07-14T11:52:00,ST-FAS-07,TOOL-TG-07,CTRL-TG-07,DEMO-A,PGM-A-07,P01,BATCH-DEMO-03,A,32.216,81.762,6.13,4.686,0,OK,,38,normal
EVT-00416,2026-07-14T11:52:00,ST-FAS-07,TOOL-TG-07,CTRL-TG-07,DEMO-A,PGM-A-07,P03,BATCH-DEMO-03,A,48.405,95.167,6.401,4.79,0,OK,,26,normal
EVT-00785,2026-07-14T11:52:00,ST-FAS-07,TOOL-TG-07,CTRL-TG-07,DEMO-A,PGM-A-07,P05,BATCH-DEMO-03,A,64.387,115.424,6.789,5.005,0,OK,,38,normal
EVT-00267,2026-07-14T11:53:00,ST-FAS-07,TOOL-TG-07,CTRL-TG-07,DEMO-A,PGM-A-07,P02,BATCH-DEMO-03,A,39.61,92.895,6.31,4.745,0,OK,,38,normal
EVT-00636,2026-07-14T11:53:00,ST-FAS-07,TOOL-TG-07,CTRL-TG-07,DEMO-A,PGM-A-07,P04,BATCH-DEMO-03,A,56.283,106.994,6.578,4.953,0,OK,,38,normal
EVT-00118,2026-07-14T11:54:00,ST-FAS-07,TOOL-TG-07,CTRL-TG-07,DEMO-A,PGM-A-07,P01,BATCH-DEMO-03,A,31.527,83.324,6.283,4.496,0,OK,,38,normal
EVT-00417,2026-07-14T11:54:00,ST-FAS-07,TOOL-TG-07,CTRL-TG-07,DEMO-A,PGM-A-07,P03,BATCH-DEMO-03,A,48.426,97.003,6.523,4.636,0,OK,,26,normal
EVT-00786,2026-07-14T11:54:00,ST-FAS-07,TOOL-TG-07,CTRL-TG-07,DEMO-A,PGM-A-07,P05,BATCH-DEMO-03,A,64.037,110.671,6.829,4.8,0,OK,,38,normal
EVT-00268,2026-07-14T11:55:00,ST-FAS-07,TOOL-TG-07,CTRL-TG-07,DEMO-A,PGM-A-07,P02,BATCH-DEMO-03,A,40.368,90.205,6.342,4.721,0,OK,,38,normal
EVT-00637,2026-07-14T11:55:00,ST-FAS-07,TOOL-TG-07,CTRL-TG-07,DEMO-A,PGM-A-07,P04,BATCH-DEMO-03,A,57.171,104.856,6.735,4.679,0,OK,,38,normal
EVT-00119,2026-07-14T11:56:00,ST-FAS-07,TOOL-TG-07,CTRL-TG-07,DEMO-A,PGM-A-07,P01,BATCH-DEMO-03,A,32.38,82.827,6.202,4.624,0,OK,,38,normal
EVT-00418,2026-07-14T11:56:00,ST-FAS-07,TOOL-TG-07,CTRL-TG-07,DEMO-A,PGM-A-07,P03,BATCH-DEMO-03,A,48.022,95.785,6.343,4.68,0,OK,,26,normal
EVT-00787,2026-07-14T11:56:00,ST-FAS-07,TOOL-TG-07,CTRL-TG-07,DEMO-A,PGM-A-07,P05,BATCH-DEMO-03,A,62.782,108.634,6.549,5.004,0,OK,,38,normal
EVT-00269,2026-07-14T11:57:00,ST-FAS-07,TOOL-TG-07,CTRL-TG-07,DEMO-A,PGM-A-07,P02,BATCH-DEMO-03,A,39.67,86.126,6.204,4.743,0,OK,,38,normal
EVT-00638,2026-07-14T11:57:00,ST-FAS-07,TOOL-TG-07,CTRL-TG-07,DEMO-A,PGM-A-07,P04,BATCH-DEMO-03,A,56.361,102.258,6.523,4.908,0,OK,,38,normal
EVT-00120,2026-07-14T11:58:00,ST-FAS-07,TOOL-TG-07,CTRL-TG-07,DEMO-A,PGM-A-07,P01,BATCH-DEMO-03,A,32.985,85.582,6.039,4.643,0,OK,,38,normal
EVT-00419,2026-07-14T11:58:00,ST-FAS-07,TOOL-TG-07,CTRL-TG-07,DEMO-A,PGM-A-07,P03,BATCH-DEMO-03,A,47.946,97.072,6.159,4.747,0,OK,,26,normal
EVT-00788,2026-07-14T11:58:00,ST-FAS-07,TOOL-TG-07,CTRL-TG-07,DEMO-A,PGM-A-07,P05,BATCH-DEMO-03,A,64.712,112.06,6.691,4.884,0,OK,,38,normal
EVT-00270,2026-07-14T11:59:00,ST-FAS-07,TOOL-TG-07,CTRL-TG-07,DEMO-A,PGM-A-07,P02,BATCH-DEMO-03,A,41.02,93.266,6.057,4.702,0,OK,,38,normal
EVT-00639,2026-07-14T11:59:00,ST-FAS-07,TOOL-TG-07,CTRL-TG-07,DEMO-A,PGM-A-07,P04,BATCH-DEMO-03,A,56.181,103.311,6.542,4.975,0,OK,,38,normal
EVT-00121,2026-07-14T12:00:00,ST-FAS-07,TOOL-TG-07,CTRL-TG-07,DEMO-A,PGM-A-07,P01,BATCH-DEMO-03,A,31.318,80.907,6.159,4.714,0,OK,,38,normal
EVT-00420,2026-07-14T12:00:00,ST-FAS-07,TOOL-TG-07,CTRL-TG-07,DEMO-A,PGM-A-07,P03,BATCH-DEMO-03,A,49.524,93.368,6.446,4.859,0,OK,,26,normal
EVT-00789,2026-07-14T12:00:00,ST-FAS-07,TOOL-TG-07,CTRL-TG-07,DEMO-A,PGM-A-07,P05,BATCH-DEMO-03,A,64.039,118.048,6.804,5.03,0,OK,,38,normal
EVT-00271,2026-07-14T12:01:00,ST-FAS-07,TOOL-TG-07,CTRL-TG-07,DEMO-A,PGM-A-07,P02,BATCH-DEMO-03,A,40.059,91.815,6.357,4.837,0,OK,,38,normal
EVT-00640,2026-07-14T12:01:00,ST-FAS-07,TOOL-TG-07,CTRL-TG-07,DEMO-A,PGM-A-07,P04,BATCH-DEMO-03,A,56.82,104.384,6.493,4.902,0,OK,,38,normal
EVT-00122,2026-07-14T12:02:00,ST-FAS-07,TOOL-TG-07,CTRL-TG-07,DEMO-A,PGM-A-07,P01,BATCH-DEMO-03,A,32.932,84.468,5.874,4.645,0,OK,,38,normal
EVT-00421,2026-07-14T12:02:00,ST-FAS-07,TOOL-TG-07,CTRL-TG-07,DEMO-A,PGM-A-07,P03,BATCH-DEMO-03,A,48.65,95.625,6.156,4.947,0,OK,,25,normal
EVT-00790,2026-07-14T12:02:00,ST-FAS-07,TOOL-TG-07,CTRL-TG-07,DEMO-A,PGM-A-07,P05,BATCH-DEMO-03,A,64.429,112.92,6.763,5.033,0,OK,,38,normal
EVT-00272,2026-07-14T12:03:00,ST-FAS-07,TOOL-TG-07,CTRL-TG-07,DEMO-A,PGM-A-07,P02,BATCH-DEMO-03,A,40.39,93.756,6.376,4.811,0,OK,,38,normal
EVT-00641,2026-07-14T12:03:00,ST-FAS-07,TOOL-TG-07,CTRL-TG-07,DEMO-A,PGM-A-07,P04,BATCH-DEMO-03,A,56.721,105.943,6.439,4.83,0,OK,,38,normal
EVT-00123,2026-07-14T12:04:00,ST-FAS-07,TOOL-TG-07,CTRL-TG-07,DEMO-A,PGM-A-07,P01,BATCH-DEMO-03,A,32.803,79.955,6.214,4.667,0,OK,,38,normal
EVT-00422,2026-07-14T12:04:00,ST-FAS-07,TOOL-TG-07,CTRL-TG-07,DEMO-A,PGM-A-07,P03,BATCH-DEMO-03,A,47.665,95.768,6.472,4.983,0,OK,,25,normal
EVT-00791,2026-07-14T12:04:00,ST-FAS-07,TOOL-TG-07,CTRL-TG-07,DEMO-A,PGM-A-07,P05,BATCH-DEMO-03,A,64.177,113.322,6.742,4.851,0,OK,,38,normal
EVT-00273,2026-07-14T12:05:00,ST-FAS-07,TOOL-TG-07,CTRL-TG-07,DEMO-A,PGM-A-07,P02,BATCH-DEMO-03,A,40.629,89.424,6.085,4.716,0,OK,,38,normal
EVT-00642,2026-07-14T12:05:00,ST-FAS-07,TOOL-TG-07,CTRL-TG-07,DEMO-A,PGM-A-07,P04,BATCH-DEMO-03,A,56.611,103.28,6.67,4.987,0,OK,,38,normal
EVT-00124,2026-07-14T12:06:00,ST-FAS-07,TOOL-TG-07,CTRL-TG-07,DEMO-A,PGM-A-07,P01,BATCH-DEMO-03,A,33.429,85.295,6.26,4.653,0,OK,,38,normal
EVT-00423,2026-07-14T12:06:00,ST-FAS-07,TOOL-TG-07,CTRL-TG-07,DEMO-A,PGM-A-07,P03,BATCH-DEMO-03,A,48.164,96.863,6.424,4.87,0,OK,,25,normal
EVT-00792,2026-07-14T12:06:00,ST-FAS-07,TOOL-TG-07,CTRL-TG-07,DEMO-A,PGM-A-07,P05,BATCH-DEMO-03,A,63.201,109.178,6.783,5.014,0,OK,,38,normal
EVT-00274,2026-07-14T12:07:00,ST-FAS-07,TOOL-TG-07,CTRL-TG-07,DEMO-A,PGM-A-07,P02,BATCH-DEMO-03,A,40.139,89.754,6.162,4.936,0,OK,,38,normal
EVT-00643,2026-07-14T12:07:00,ST-FAS-07,TOOL-TG-07,CTRL-TG-07,DEMO-A,PGM-A-07,P04,BATCH-DEMO-03,A,56.979,103.007,6.485,4.904,0,OK,,38,normal
EVT-00125,2026-07-14T12:08:00,ST-FAS-07,TOOL-TG-07,CTRL-TG-07,DEMO-A,PGM-A-07,P01,BATCH-DEMO-03,A,31.857,79.593,6.05,4.476,0,OK,,38,normal
EVT-00424,2026-07-14T12:08:00,ST-FAS-07,TOOL-TG-07,CTRL-TG-07,DEMO-A,PGM-A-07,P03,BATCH-DEMO-03,A,48.629,94.765,6.289,4.779,0,OK,,25,normal
EVT-00793,2026-07-14T12:08:00,ST-FAS-07,TOOL-TG-07,CTRL-TG-07,DEMO-A,PGM-A-07,P05,BATCH-DEMO-03,A,63.392,112.801,6.807,4.87,0,OK,,38,normal
EVT-00275,2026-07-14T12:09:00,ST-FAS-07,TOOL-TG-07,CTRL-TG-07,DEMO-A,PGM-A-07,P02,BATCH-DEMO-03,A,39.342,89.556,6.128,4.696,0,OK,,38,normal
EVT-00644,2026-07-14T12:09:00,ST-FAS-07,TOOL-TG-07,CTRL-TG-07,DEMO-A,PGM-A-07,P04,BATCH-DEMO-03,A,56.039,101.387,6.571,4.911,1,OK,,38,normal
EVT-00126,2026-07-14T12:10:00,ST-FAS-07,TOOL-TG-07,CTRL-TG-07,DEMO-A,PGM-A-07,P01,BATCH-DEMO-03,A,31.268,87.887,5.97,4.726,0,OK,,38,normal
EVT-00425,2026-07-14T12:10:00,ST-FAS-07,TOOL-TG-07,CTRL-TG-07,DEMO-A,PGM-A-07,P03,BATCH-DEMO-03,A,48.212,92.189,6.433,4.776,0,OK,,25,normal
EVT-00794,2026-07-14T12:10:00,ST-FAS-07,TOOL-TG-07,CTRL-TG-07,DEMO-A,PGM-A-07,P05,BATCH-DEMO-03,A,64.263,113.548,6.668,4.957,0,OK,,38,normal
EVT-00276,2026-07-14T12:11:00,ST-FAS-07,TOOL-TG-07,CTRL-TG-07,DEMO-A,PGM-A-07,P02,BATCH-DEMO-03,A,38.67,93.194,6.359,4.746,0,OK,,38,normal
EVT-00645,2026-07-14T12:11:00,ST-FAS-07,TOOL-TG-07,CTRL-TG-07,DEMO-A,PGM-A-07,P04,BATCH-DEMO-03,A,56.47,103.142,6.744,4.946,0,OK,,38,normal
EVT-00127,2026-07-14T12:12:00,ST-FAS-07,TOOL-TG-07,CTRL-TG-07,DEMO-A,PGM-A-07,P01,BATCH-DEMO-03,A,31.679,83.276,6.095,4.558,0,OK,,38,normal
EVT-00426,2026-07-14T12:12:00,ST-FAS-07,TOOL-TG-07,CTRL-TG-07,DEMO-A,PGM-A-07,P03,BATCH-DEMO-03,A,48.355,97.304,6.366,4.644,0,OK,,25,normal
EVT-00795,2026-07-14T12:12:00,ST-FAS-07,TOOL-TG-07,CTRL-TG-07,DEMO-A,PGM-A-07,P05,BATCH-DEMO-03,A,63.533,110.365,6.511,4.942,0,OK,,38,normal
EVT-00277,2026-07-14T12:13:00,ST-FAS-07,TOOL-TG-07,CTRL-TG-07,DEMO-A,PGM-A-07,P02,BATCH-DEMO-03,A,40.93,92.958,6.217,4.742,0,OK,,38,normal
EVT-00646,2026-07-14T12:13:00,ST-FAS-07,TOOL-TG-07,CTRL-TG-07,DEMO-A,PGM-A-07,P04,BATCH-DEMO-03,A,56.218,101.218,6.583,4.774,0,OK,,38,normal
EVT-00128,2026-07-14T12:14:00,ST-FAS-07,TOOL-TG-07,CTRL-TG-07,DEMO-A,PGM-A-07,P01,BATCH-DEMO-03,A,31.936,82.338,6.146,4.531,0,OK,,38,normal
EVT-00427,2026-07-14T12:14:00,ST-FAS-07,TOOL-TG-07,CTRL-TG-07,DEMO-A,PGM-A-07,P03,BATCH-DEMO-03,A,48.192,95.358,6.449,4.817,0,OK,,24,normal
EVT-00796,2026-07-14T12:14:00,ST-FAS-07,TOOL-TG-07,CTRL-TG-07,DEMO-A,PGM-A-07,P05,BATCH-DEMO-03,A,65.492,116.261,6.622,5.066,0,OK,,38,normal
EVT-00278,2026-07-14T12:15:00,ST-FAS-07,TOOL-TG-07,CTRL-TG-07,DEMO-A,PGM-A-07,P02,BATCH-DEMO-03,A,40.744,90.815,6.366,4.796,0,OK,,38,normal
EVT-00647,2026-07-14T12:15:00,ST-FAS-07,TOOL-TG-07,CTRL-TG-07,DEMO-A,PGM-A-07,P04,BATCH-DEMO-03,A,55.812,105.348,6.681,4.979,0,OK,,38,normal
EVT-00129,2026-07-14T12:16:00,ST-FAS-07,TOOL-TG-07,CTRL-TG-07,DEMO-A,PGM-A-07,P01,BATCH-DEMO-03,A,31.116,85.097,6.032,4.465,0,OK,,38,normal
EVT-00428,2026-07-14T12:16:00,ST-FAS-07,TOOL-TG-07,CTRL-TG-07,DEMO-A,PGM-A-07,P03,BATCH-DEMO-03,A,47.777,91.012,6.424,4.743,0,OK,,24,normal
EVT-00797,2026-07-14T12:16:00,ST-FAS-07,TOOL-TG-07,CTRL-TG-07,DEMO-A,PGM-A-07,P05,BATCH-DEMO-03,A,64.792,113.314,6.792,5.032,0,OK,,38,normal
EVT-00279,2026-07-14T12:17:00,ST-FAS-07,TOOL-TG-07,CTRL-TG-07,DEMO-A,PGM-A-07,P02,BATCH-DEMO-03,A,39.951,88.303,6.227,4.689,0,OK,,38,normal
EVT-00648,2026-07-14T12:17:00,ST-FAS-07,TOOL-TG-07,CTRL-TG-07,DEMO-A,PGM-A-07,P04,BATCH-DEMO-03,A,56.182,104.884,6.569,4.914,0,OK,,38,normal
EVT-00130,2026-07-14T12:18:00,ST-FAS-07,TOOL-TG-07,CTRL-TG-07,DEMO-A,PGM-A-07,P01,BATCH-DEMO-03,A,32.494,80.956,6.265,4.6,0,OK,,38,normal
EVT-00429,2026-07-14T12:18:00,ST-FAS-07,TOOL-TG-07,CTRL-TG-07,DEMO-A,PGM-A-07,P03,BATCH-DEMO-03,A,49.271,94.097,6.422,4.947,0,OK,,24,normal
EVT-00798,2026-07-14T12:18:00,ST-FAS-07,TOOL-TG-07,CTRL-TG-07,DEMO-A,PGM-A-07,P05,BATCH-DEMO-03,A,63.22,111.812,6.803,4.961,0,OK,,38,normal
EVT-00280,2026-07-14T12:19:00,ST-FAS-07,TOOL-TG-07,CTRL-TG-07,DEMO-A,PGM-A-07,P02,BATCH-DEMO-03,A,39.992,91.392,6.42,4.584,0,OK,,38,normal
EVT-00649,2026-07-14T12:19:00,ST-FAS-07,TOOL-TG-07,CTRL-TG-07,DEMO-A,PGM-A-07,P04,BATCH-DEMO-03,A,55.676,105.03,6.804,4.845,0,OK,,38,normal
EVT-00131,2026-07-14T12:20:00,ST-FAS-07,TOOL-TG-07,CTRL-TG-07,DEMO-A,PGM-A-07,P01,BATCH-DEMO-03,A,32.3,79.879,6.204,4.644,0,OK,,38,normal
EVT-00430,2026-07-14T12:20:00,ST-FAS-07,TOOL-TG-07,CTRL-TG-07,DEMO-A,PGM-A-07,P03,BATCH-DEMO-03,A,48.154,93.044,6.628,4.806,0,OK,,24,normal
EVT-00799,2026-07-14T12:20:00,ST-FAS-07,TOOL-TG-07,CTRL-TG-07,DEMO-A,PGM-A-07,P05,BATCH-DEMO-03,A,64.315,110.769,6.988,4.95,0,OK,,38,normal
EVT-00281,2026-07-14T12:21:00,ST-FAS-07,TOOL-TG-07,CTRL-TG-07,DEMO-A,PGM-A-07,P02,BATCH-DEMO-03,A,40.066,93.911,6.277,4.678,0,OK,,38,normal
EVT-00650,2026-07-14T12:21:00,ST-FAS-07,TOOL-TG-07,CTRL-TG-07,DEMO-A,PGM-A-07,P04,BATCH-DEMO-03,A,54.014,103.004,6.625,5.111,0,OK,,38,normal
EVT-00132,2026-07-14T12:22:00,ST-FAS-07,TOOL-TG-07,CTRL-TG-07,DEMO-A,PGM-A-07,P01,BATCH-DEMO-03,A,31.971,86.259,6.203,4.569,0,OK,,38,normal
EVT-00431,2026-07-14T12:22:00,ST-FAS-07,TOOL-TG-07,CTRL-TG-07,DEMO-A,PGM-A-07,P03,BATCH-DEMO-03,A,49.133,93.393,6.328,4.915,0,OK,,24,normal
EVT-00800,2026-07-14T12:22:00,ST-FAS-07,TOOL-TG-07,CTRL-TG-07,DEMO-A,PGM-A-07,P05,BATCH-DEMO-03,A,64.722,113.719,6.854,4.913,0,OK,,38,normal
EVT-00282,2026-07-14T12:23:00,ST-FAS-07,TOOL-TG-07,CTRL-TG-07,DEMO-A,PGM-A-07,P02,BATCH-DEMO-03,A,39.996,86.337,6.339,4.967,0,OK,,38,normal
EVT-00651,2026-07-14T12:23:00,ST-FAS-07,TOOL-TG-07,CTRL-TG-07,DEMO-A,PGM-A-07,P04,BATCH-DEMO-03,A,56.4,105.501,6.574,5.127,0,OK,,38,normal
EVT-00133,2026-07-14T12:24:00,ST-FAS-07,TOOL-TG-07,CTRL-TG-07,DEMO-A,PGM-A-07,P01,BATCH-DEMO-03,A,32.012,81.898,6.201,4.571,0,OK,,38,normal
EVT-00432,2026-07-14T12:24:00,ST-FAS-07,TOOL-TG-07,CTRL-TG-07,DEMO-A,PGM-A-07,P03,BATCH-DEMO-03,A,47.698,92.258,6.56,4.643,0,OK,,24,normal
EVT-00801,2026-07-14T12:24:00,ST-FAS-07,TOOL-TG-07,CTRL-TG-07,DEMO-A,PGM-A-07,P05,BATCH-DEMO-03,A,64.566,115.189,6.604,4.994,0,OK,,38,normal
EVT-00283,2026-07-14T12:25:00,ST-FAS-07,TOOL-TG-07,CTRL-TG-07,DEMO-A,PGM-A-07,P02,BATCH-DEMO-03,A,40.59,94.348,6.289,4.641,0,OK,,38,normal
EVT-00652,2026-07-14T12:25:00,ST-FAS-07,TOOL-TG-07,CTRL-TG-07,DEMO-A,PGM-A-07,P04,BATCH-DEMO-03,A,56.059,104.961,6.662,4.753,0,OK,,38,normal
EVT-00134,2026-07-14T12:26:00,ST-FAS-07,TOOL-TG-07,CTRL-TG-07,DEMO-A,PGM-A-07,P01,BATCH-DEMO-03,A,31.556,77.747,5.993,4.638,0,OK,,38,normal
EVT-00433,2026-07-14T12:26:00,ST-FAS-07,TOOL-TG-07,CTRL-TG-07,DEMO-A,PGM-A-07,P03,BATCH-DEMO-03,A,47.386,98.46,6.429,4.763,0,OK,,23,normal
EVT-00802,2026-07-14T12:26:00,ST-FAS-07,TOOL-TG-07,CTRL-TG-07,DEMO-A,PGM-A-07,P05,BATCH-DEMO-03,A,63.578,110.513,6.668,5.035,0,OK,,38,normal
EVT-00284,2026-07-14T12:27:00,ST-FAS-07,TOOL-TG-07,CTRL-TG-07,DEMO-A,PGM-A-07,P02,BATCH-DEMO-03,A,40.63,87.048,6.186,4.95,0,OK,,38,normal
EVT-00653,2026-07-14T12:27:00,ST-FAS-07,TOOL-TG-07,CTRL-TG-07,DEMO-A,PGM-A-07,P04,BATCH-DEMO-03,A,57.412,104.716,6.668,4.614,0,OK,,38,normal
EVT-00135,2026-07-14T12:28:00,ST-FAS-07,TOOL-TG-07,CTRL-TG-07,DEMO-A,PGM-A-07,P01,BATCH-DEMO-03,A,31.885,81.419,6.01,4.736,0,OK,,38,normal
EVT-00434,2026-07-14T12:28:00,ST-FAS-07,TOOL-TG-07,CTRL-TG-07,DEMO-A,PGM-A-07,P03,BATCH-DEMO-03,A,47.587,97.312,6.363,4.855,0,OK,,23,normal
EVT-00803,2026-07-14T12:28:00,ST-FAS-07,TOOL-TG-07,CTRL-TG-07,DEMO-A,PGM-A-07,P05,BATCH-DEMO-03,A,63.744,115.731,6.68,4.59,0,OK,,38,normal
EVT-00285,2026-07-14T12:29:00,ST-FAS-07,TOOL-TG-07,CTRL-TG-07,DEMO-A,PGM-A-07,P02,BATCH-DEMO-03,A,39.779,91.737,6.102,4.705,0,OK,,38,normal
EVT-00654,2026-07-14T12:29:00,ST-FAS-07,TOOL-TG-07,CTRL-TG-07,DEMO-A,PGM-A-07,P04,BATCH-DEMO-03,A,55.571,102.304,6.725,5.136,0,OK,,38,normal
EVT-00136,2026-07-14T12:30:00,ST-FAS-07,TOOL-TG-07,CTRL-TG-07,DEMO-A,PGM-A-07,P01,BATCH-DEMO-03,A,31.612,78.912,6.036,4.624,0,OK,,38,normal
EVT-00435,2026-07-14T12:30:00,ST-FAS-07,TOOL-TG-07,CTRL-TG-07,DEMO-A,PGM-A-07,P03,BATCH-DEMO-03,A,47.001,96.651,6.294,4.789,0,OK,,23,normal
EVT-00804,2026-07-14T12:30:00,ST-FAS-07,TOOL-TG-07,CTRL-TG-07,DEMO-A,PGM-A-07,P05,BATCH-DEMO-03,A,64.068,113.763,6.632,4.912,0,OK,,38,normal
EVT-00286,2026-07-14T12:31:00,ST-FAS-07,TOOL-TG-07,CTRL-TG-07,DEMO-A,PGM-A-07,P02,BATCH-DEMO-03,A,39.73,91.566,6.244,4.628,0,OK,,38,normal
EVT-00655,2026-07-14T12:31:00,ST-FAS-07,TOOL-TG-07,CTRL-TG-07,DEMO-A,PGM-A-07,P04,BATCH-DEMO-03,A,55.953,105.594,6.581,5.053,0,OK,,38,normal
EVT-00137,2026-07-14T12:32:00,ST-FAS-07,TOOL-TG-07,CTRL-TG-07,DEMO-A,PGM-A-07,P01,BATCH-DEMO-03,A,32.081,80.878,6.144,4.533,0,OK,,38,normal
EVT-00436,2026-07-14T12:32:00,ST-FAS-07,TOOL-TG-07,CTRL-TG-07,DEMO-A,PGM-A-07,P03,BATCH-DEMO-03,A,48.064,94.281,6.552,4.812,0,OK,,23,normal
EVT-00805,2026-07-14T12:32:00,ST-FAS-07,TOOL-TG-07,CTRL-TG-07,DEMO-A,PGM-A-07,P05,BATCH-DEMO-03,A,63.95,110.057,6.803,4.949,0,OK,,38,normal
EVT-00287,2026-07-14T12:33:00,ST-FAS-07,TOOL-TG-07,CTRL-TG-07,DEMO-A,PGM-A-07,P02,BATCH-DEMO-03,A,39.547,93.483,6.215,4.619,0,OK,,38,normal
EVT-00656,2026-07-14T12:33:00,ST-FAS-07,TOOL-TG-07,CTRL-TG-07,DEMO-A,PGM-A-07,P04,BATCH-DEMO-03,A,55.921,107.874,6.689,4.898,0,OK,,38,normal
EVT-00138,2026-07-14T12:34:00,ST-FAS-07,TOOL-TG-07,CTRL-TG-07,DEMO-A,PGM-A-07,P01,BATCH-DEMO-03,A,32.547,83.701,6.051,4.808,0,OK,,38,normal
EVT-00437,2026-07-14T12:34:00,ST-FAS-07,TOOL-TG-07,CTRL-TG-07,DEMO-A,PGM-A-07,P03,BATCH-DEMO-03,A,47.43,95.651,6.65,4.96,0,OK,,23,normal
EVT-00806,2026-07-14T12:34:00,ST-FAS-07,TOOL-TG-07,CTRL-TG-07,DEMO-A,PGM-A-07,P05,BATCH-DEMO-03,A,63.847,112.019,6.778,4.974,0,OK,,38,normal
EVT-00288,2026-07-14T12:35:00,ST-FAS-07,TOOL-TG-07,CTRL-TG-07,DEMO-A,PGM-A-07,P02,BATCH-DEMO-03,A,40.419,91.494,6.456,4.993,0,OK,,38,normal
EVT-00657,2026-07-14T12:35:00,ST-FAS-07,TOOL-TG-07,CTRL-TG-07,DEMO-A,PGM-A-07,P04,BATCH-DEMO-03,A,55.46,100.111,6.551,4.942,0,OK,,38,normal
EVT-00139,2026-07-14T12:36:00,ST-FAS-07,TOOL-TG-07,CTRL-TG-07,DEMO-A,PGM-A-07,P01,BATCH-DEMO-03,A,32.745,84.4,6.07,4.59,0,OK,,38,normal
EVT-00438,2026-07-14T12:36:00,ST-FAS-07,TOOL-TG-07,CTRL-TG-07,DEMO-A,PGM-A-07,P03,BATCH-DEMO-03,A,47.957,92.407,6.49,4.761,0,OK,,23,normal
EVT-00807,2026-07-14T12:36:00,ST-FAS-07,TOOL-TG-07,CTRL-TG-07,DEMO-A,PGM-A-07,P05,BATCH-DEMO-03,A,62.68,112.698,6.55,4.747,0,OK,,38,normal
EVT-00289,2026-07-14T12:37:00,ST-FAS-07,TOOL-TG-07,CTRL-TG-07,DEMO-A,PGM-A-07,P02,BATCH-DEMO-03,A,39.368,90.784,6.226,4.781,0,OK,,38,normal
EVT-00658,2026-07-14T12:37:00,ST-FAS-07,TOOL-TG-07,CTRL-TG-07,DEMO-A,PGM-A-07,P04,BATCH-DEMO-03,A,56.7,104.012,6.295,4.853,0,OK,,38,normal
EVT-00140,2026-07-14T12:38:00,ST-FAS-07,TOOL-TG-07,CTRL-TG-07,DEMO-A,PGM-A-07,P01,BATCH-DEMO-03,A,30.487,81.796,6.264,4.632,0,OK,,38,normal
EVT-00439,2026-07-14T12:38:00,ST-FAS-07,TOOL-TG-07,CTRL-TG-07,DEMO-A,PGM-A-07,P03,BATCH-DEMO-03,A,46.965,91.443,6.501,4.878,0,OK,,22,normal
EVT-00808,2026-07-14T12:38:00,ST-FAS-07,TOOL-TG-07,CTRL-TG-07,DEMO-A,PGM-A-07,P05,BATCH-DEMO-03,A,63.824,113.506,6.707,4.873,0,OK,,38,normal
EVT-00290,2026-07-14T12:39:00,ST-FAS-07,TOOL-TG-07,CTRL-TG-07,DEMO-A,PGM-A-07,P02,BATCH-DEMO-03,A,39.31,93.555,6.1,4.761,0,OK,,38,normal
EVT-00659,2026-07-14T12:39:00,ST-FAS-07,TOOL-TG-07,CTRL-TG-07,DEMO-A,PGM-A-07,P04,BATCH-DEMO-03,A,54.499,100.784,6.335,4.81,0,OK,,38,normal
EVT-00141,2026-07-14T12:40:00,ST-FAS-07,TOOL-TG-07,CTRL-TG-07,DEMO-A,PGM-A-07,P01,BATCH-DEMO-03,A,32.086,82.725,6.183,4.704,0,OK,,38,normal
EVT-00440,2026-07-14T12:40:00,ST-FAS-07,TOOL-TG-07,CTRL-TG-07,DEMO-A,PGM-A-07,P03,BATCH-DEMO-03,A,48.208,89.436,6.41,4.671,0,OK,,22,normal
EVT-00809,2026-07-14T12:40:00,ST-FAS-07,TOOL-TG-07,CTRL-TG-07,DEMO-A,PGM-A-07,P05,BATCH-DEMO-03,A,63.626,111.586,6.759,4.985,0,OK,,38,normal
EVT-00291,2026-07-14T12:41:00,ST-FAS-07,TOOL-TG-07,CTRL-TG-07,DEMO-A,PGM-A-07,P02,BATCH-DEMO-03,A,40.273,85.842,6.207,4.584,0,OK,,38,normal
EVT-00660,2026-07-14T12:41:00,ST-FAS-07,TOOL-TG-07,CTRL-TG-07,DEMO-A,PGM-A-07,P04,BATCH-DEMO-03,A,55.484,101.8,6.424,4.898,0,OK,,38,normal
EVT-00142,2026-07-14T12:42:00,ST-FAS-07,TOOL-TG-07,CTRL-TG-07,DEMO-A,PGM-A-07,P01,BATCH-DEMO-03,A,32.537,83.372,6.098,4.69,0,OK,,38,normal
EVT-00441,2026-07-14T12:42:00,ST-FAS-07,TOOL-TG-07,CTRL-TG-07,DEMO-A,PGM-A-07,P03,BATCH-DEMO-03,A,47.744,96.813,6.456,4.776,0,OK,,22,normal
EVT-00810,2026-07-14T12:42:00,ST-FAS-07,TOOL-TG-07,CTRL-TG-07,DEMO-A,PGM-A-07,P05,BATCH-DEMO-03,A,63.534,114.118,6.524,4.888,0,OK,,38,normal
EVT-00292,2026-07-14T12:43:00,ST-FAS-07,TOOL-TG-07,CTRL-TG-07,DEMO-A,PGM-A-07,P02,BATCH-DEMO-03,A,40.219,89.683,6.257,4.743,0,OK,,38,normal
EVT-00661,2026-07-14T12:43:00,ST-FAS-07,TOOL-TG-07,CTRL-TG-07,DEMO-A,PGM-A-07,P04,BATCH-DEMO-03,A,55.713,104.354,6.557,4.633,1,OK,,38,normal
EVT-00143,2026-07-14T12:44:00,ST-FAS-07,TOOL-TG-07,CTRL-TG-07,DEMO-A,PGM-A-07,P01,BATCH-DEMO-03,A,32.079,86.822,6.219,4.794,0,OK,,38,normal
EVT-00442,2026-07-14T12:44:00,ST-FAS-07,TOOL-TG-07,CTRL-TG-07,DEMO-A,PGM-A-07,P03,BATCH-DEMO-03,A,47.407,95.398,6.262,4.729,0,OK,,22,normal
EVT-00811,2026-07-14T12:44:00,ST-FAS-07,TOOL-TG-07,CTRL-TG-07,DEMO-A,PGM-A-07,P05,BATCH-DEMO-03,A,64.539,109.502,6.877,5.019,0,OK,,38,normal
EVT-00293,2026-07-14T12:45:00,ST-FAS-07,TOOL-TG-07,CTRL-TG-07,DEMO-A,PGM-A-07,P02,BATCH-DEMO-03,A,39.914,92.113,6.455,4.829,0,OK,,38,normal
EVT-00662,2026-07-14T12:45:00,ST-FAS-07,TOOL-TG-07,CTRL-TG-07,DEMO-A,PGM-A-07,P04,BATCH-DEMO-03,A,56.174,102.112,6.762,4.827,0,OK,,38,normal
EVT-00144,2026-07-14T12:46:00,ST-FAS-07,TOOL-TG-07,CTRL-TG-07,DEMO-A,PGM-A-07,P01,BATCH-DEMO-03,A,32.4,82.325,6.119,4.69,0,OK,,38,normal
EVT-00443,2026-07-14T12:46:00,ST-FAS-07,TOOL-TG-07,CTRL-TG-07,DEMO-A,PGM-A-07,P03,BATCH-DEMO-03,A,48.677,91.833,6.158,4.868,0,OK,,22,normal
EVT-00812,2026-07-14T12:46:00,ST-FAS-07,TOOL-TG-07,CTRL-TG-07,DEMO-A,PGM-A-07,P05,BATCH-DEMO-03,A,65.519,115.011,6.687,4.916,0,OK,,38,normal
EVT-00294,2026-07-14T12:47:00,ST-FAS-07,TOOL-TG-07,CTRL-TG-07,DEMO-A,PGM-A-07,P02,BATCH-DEMO-03,A,40.123,88.5,6.509,4.687,0,OK,,38,normal
EVT-00663,2026-07-14T12:47:00,ST-FAS-07,TOOL-TG-07,CTRL-TG-07,DEMO-A,PGM-A-07,P04,BATCH-DEMO-03,A,55.609,99.692,6.58,5.015,0,OK,,38,normal
EVT-00145,2026-07-14T12:48:00,ST-FAS-07,TOOL-TG-07,CTRL-TG-07,DEMO-A,PGM-A-07,P01,BATCH-DEMO-03,A,31.307,82.251,6.102,4.521,0,OK,,38,normal
EVT-00444,2026-07-14T12:48:00,ST-FAS-07,TOOL-TG-07,CTRL-TG-07,DEMO-A,PGM-A-07,P03,BATCH-DEMO-03,A,47.956,95.293,6.441,4.769,0,OK,,22,normal
EVT-00813,2026-07-14T12:48:00,ST-FAS-07,TOOL-TG-07,CTRL-TG-07,DEMO-A,PGM-A-07,P05,BATCH-DEMO-03,A,64.395,114.917,6.631,4.896,0,OK,,38,normal
EVT-00295,2026-07-14T12:49:00,ST-FAS-07,TOOL-TG-07,CTRL-TG-07,DEMO-A,PGM-A-07,P02,BATCH-DEMO-03,A,40.75,88.843,6.405,4.826,0,OK,,38,normal
EVT-00664,2026-07-14T12:49:00,ST-FAS-07,TOOL-TG-07,CTRL-TG-07,DEMO-A,PGM-A-07,P04,BATCH-DEMO-03,A,56.743,101.334,6.505,5.085,0,OK,,38,normal
EVT-00146,2026-07-14T12:50:00,ST-FAS-07,TOOL-TG-07,CTRL-TG-07,DEMO-A,PGM-A-07,P01,BATCH-DEMO-03,A,32.456,80.347,6.264,4.561,0,OK,,38,normal
EVT-00445,2026-07-14T12:50:00,ST-FAS-07,TOOL-TG-07,CTRL-TG-07,DEMO-A,PGM-A-07,P03,BATCH-DEMO-03,A,48.126,94.756,6.299,4.705,0,OK,,21,normal
EVT-00814,2026-07-14T12:50:00,ST-FAS-07,TOOL-TG-07,CTRL-TG-07,DEMO-A,PGM-A-07,P05,BATCH-DEMO-03,A,63.961,113.494,6.808,4.811,0,OK,,38,normal
EVT-00296,2026-07-14T12:51:00,ST-FAS-07,TOOL-TG-07,CTRL-TG-07,DEMO-A,PGM-A-07,P02,BATCH-DEMO-03,A,39.495,90.749,6.196,4.747,0,OK,,38,normal
EVT-00665,2026-07-14T12:51:00,ST-FAS-07,TOOL-TG-07,CTRL-TG-07,DEMO-A,PGM-A-07,P04,BATCH-DEMO-03,A,55.814,105.185,6.518,4.893,0,OK,,38,normal
EVT-00147,2026-07-14T12:52:00,ST-FAS-07,TOOL-TG-07,CTRL-TG-07,DEMO-A,PGM-A-07,P01,BATCH-DEMO-03,A,31.306,83.284,6.006,4.715,0,OK,,38,normal
EVT-00446,2026-07-14T12:52:00,ST-FAS-07,TOOL-TG-07,CTRL-TG-07,DEMO-A,PGM-A-07,P03,BATCH-DEMO-03,A,47.839,93.754,6.327,4.931,0,OK,,21,normal
EVT-00815,2026-07-14T12:52:00,ST-FAS-07,TOOL-TG-07,CTRL-TG-07,DEMO-A,PGM-A-07,P05,BATCH-DEMO-03,A,64.053,110.823,6.619,4.841,0,OK,,38,normal
EVT-00297,2026-07-14T12:53:00,ST-FAS-07,TOOL-TG-07,CTRL-TG-07,DEMO-A,PGM-A-07,P02,BATCH-DEMO-03,A,39.311,90.225,6.159,4.821,0,OK,,38,normal
EVT-00666,2026-07-14T12:53:00,ST-FAS-07,TOOL-TG-07,CTRL-TG-07,DEMO-A,PGM-A-07,P04,BATCH-DEMO-03,A,55.965,106.008,6.515,4.691,0,OK,,38,normal
EVT-00148,2026-07-14T12:54:00,ST-FAS-07,TOOL-TG-07,CTRL-TG-07,DEMO-A,PGM-A-07,P01,BATCH-DEMO-03,A,33.155,83.634,5.936,4.576,0,OK,,38,normal
EVT-00447,2026-07-14T12:54:00,ST-FAS-07,TOOL-TG-07,CTRL-TG-07,DEMO-A,PGM-A-07,P03,BATCH-DEMO-03,A,48.265,93.596,6.794,4.773,0,OK,,21,normal
EVT-00816,2026-07-14T12:54:00,ST-FAS-07,TOOL-TG-07,CTRL-TG-07,DEMO-A,PGM-A-07,P05,BATCH-DEMO-03,A,63.774,111.005,6.556,4.905,0,OK,,38,normal
EVT-00298,2026-07-14T12:55:00,ST-FAS-07,TOOL-TG-07,CTRL-TG-07,DEMO-A,PGM-A-07,P02,BATCH-DEMO-03,A,39.162,88.772,6.339,4.604,0,OK,,38,normal
EVT-00667,2026-07-14T12:55:00,ST-FAS-07,TOOL-TG-07,CTRL-TG-07,DEMO-A,PGM-A-07,P04,BATCH-DEMO-03,A,56.123,102.378,6.521,4.893,0,OK,,38,normal
EVT-00149,2026-07-14T12:56:00,ST-FAS-07,TOOL-TG-07,CTRL-TG-07,DEMO-A,PGM-A-07,P01,BATCH-DEMO-03,A,32.128,81.299,5.957,4.865,0,OK,,38,normal
EVT-00448,2026-07-14T12:56:00,ST-FAS-07,TOOL-TG-07,CTRL-TG-07,DEMO-A,PGM-A-07,P03,BATCH-DEMO-03,A,47.722,99.504,6.527,4.762,0,OK,,21,normal
EVT-00817,2026-07-14T12:56:00,ST-FAS-07,TOOL-TG-07,CTRL-TG-07,DEMO-A,PGM-A-07,P05,BATCH-DEMO-03,A,63.51,107.623,7.005,4.93,0,OK,,38,normal
EVT-00299,2026-07-14T12:57:00,ST-FAS-07,TOOL-TG-07,CTRL-TG-07,DEMO-A,PGM-A-07,P02,BATCH-DEMO-03,A,39.755,89.078,6.154,4.713,0,OK,,38,normal
EVT-00668,2026-07-14T12:57:00,ST-FAS-07,TOOL-TG-07,CTRL-TG-07,DEMO-A,PGM-A-07,P04,BATCH-DEMO-03,A,56.094,104.676,6.564,4.912,0,OK,,38,normal
EVT-00150,2026-07-14T12:58:00,ST-FAS-07,TOOL-TG-07,CTRL-TG-07,DEMO-A,PGM-A-07,P01,BATCH-DEMO-03,A,32.777,78.572,6.233,4.516,0,OK,,38,normal
EVT-00449,2026-07-14T12:58:00,ST-FAS-07,TOOL-TG-07,CTRL-TG-07,DEMO-A,PGM-A-07,P03,BATCH-DEMO-03,A,48.153,96.553,6.619,4.833,0,OK,,21,normal
EVT-00818,2026-07-14T12:58:00,ST-FAS-07,TOOL-TG-07,CTRL-TG-07,DEMO-A,PGM-A-07,P05,BATCH-DEMO-03,A,65.076,116.708,6.807,4.962,0,OK,,38,normal
EVT-00300,2026-07-14T12:59:00,ST-FAS-07,TOOL-TG-07,CTRL-TG-07,DEMO-A,PGM-A-07,P02,BATCH-DEMO-03,A,39.855,90.61,6.476,4.728,0,OK,,38,normal
EVT-00669,2026-07-14T12:59:00,ST-FAS-07,TOOL-TG-07,CTRL-TG-07,DEMO-A,PGM-A-07,P04,BATCH-DEMO-03,A,55.102,102.944,6.56,4.92,0,OK,,38,normal
EVT-00450,2026-07-14T13:00:00,ST-FAS-07,TOOL-TG-07,CTRL-TG-07,DEMO-A,PGM-A-07,P03,BATCH-DEMO-03,A,47.764,97.374,6.371,4.801,0,OK,,21,normal
EVT-00819,2026-07-14T13:00:00,ST-FAS-07,TOOL-TG-07,CTRL-TG-07,DEMO-A,PGM-A-07,P05,BATCH-DEMO-03,A,63.75,111.757,6.606,5.041,0,OK,,38,normal
EVT-00670,2026-07-14T13:01:00,ST-FAS-07,TOOL-TG-07,CTRL-TG-07,DEMO-A,PGM-A-07,P04,BATCH-DEMO-03,A,56.789,102.429,6.59,4.902,0,OK,,38,normal
EVT-00451,2026-07-14T13:02:00,ST-FAS-07,TOOL-TG-07,CTRL-TG-07,DEMO-A,PGM-A-07,P03,BATCH-DEMO-03,A,47.451,96.621,6.387,4.792,0,OK,,20,normal
EVT-00820,2026-07-14T13:02:00,ST-FAS-07,TOOL-TG-07,CTRL-TG-07,DEMO-A,PGM-A-07,P05,BATCH-DEMO-03,A,64.439,108.829,6.727,5.064,0,OK,,38,normal
EVT-00452,2026-07-14T13:04:00,ST-FAS-07,TOOL-TG-07,CTRL-TG-07,DEMO-A,PGM-A-07,P03,BATCH-DEMO-03,A,48.324,95.606,6.501,4.675,0,OK,,20,normal
EVT-00453,2026-07-14T13:06:00,ST-FAS-07,TOOL-TG-07,CTRL-TG-07,DEMO-A,PGM-A-07,P03,BATCH-DEMO-03,A,47.95,93.867,6.264,4.834,0,OK,,20,normal
EVT-00454,2026-07-14T13:08:00,ST-FAS-07,TOOL-TG-07,CTRL-TG-07,DEMO-A,PGM-A-07,P03,BATCH-DEMO-03,A,47.141,93.259,6.369,4.565,0,OK,,20,normal
EVT-00455,2026-07-14T13:10:00,ST-FAS-07,TOOL-TG-07,CTRL-TG-07,DEMO-A,PGM-A-07,P03,BATCH-DEMO-03,A,48.004,92.869,6.544,4.801,0,OK,,20,normal
EVT-00456,2026-07-14T13:12:00,ST-FAS-07,TOOL-TG-07,CTRL-TG-07,DEMO-A,PGM-A-07,P03,BATCH-DEMO-03,A,48.623,97.012,6.524,5.03,0,OK,,20,normal
EVT-00457,2026-07-14T13:14:00,ST-FAS-07,TOOL-TG-07,CTRL-TG-07,DEMO-A,PGM-A-07,P03,BATCH-DEMO-03,A,47.419,97.626,6.477,4.786,0,OK,,19,normal
EVT-00458,2026-07-14T13:16:00,ST-FAS-07,TOOL-TG-07,CTRL-TG-07,DEMO-A,PGM-A-07,P03,BATCH-DEMO-03,A,47.88,95.65,6.463,4.892,0,OK,,19,normal
EVT-00459,2026-07-14T13:18:00,ST-FAS-07,TOOL-TG-07,CTRL-TG-07,DEMO-A,PGM-A-07,P03,BATCH-DEMO-03,A,48.194,94.876,6.367,4.925,0,OK,,19,normal
EVT-00460,2026-07-14T13:20:00,ST-FAS-07,TOOL-TG-07,CTRL-TG-07,DEMO-A,PGM-A-07,P03,BATCH-DEMO-03,A,48.417,91.357,6.535,4.761,0,OK,,19,normal
EVT-00461,2026-07-14T13:22:00,ST-FAS-07,TOOL-TG-07,CTRL-TG-07,DEMO-A,PGM-A-07,P03,BATCH-DEMO-03,A,48.156,95.123,6.214,4.844,0,OK,,19,normal
EVT-00462,2026-07-14T13:24:00,ST-FAS-07,TOOL-TG-07,CTRL-TG-07,DEMO-A,PGM-A-07,P03,BATCH-DEMO-03,A,46.97,93.004,6.469,4.823,0,OK,,19,normal
EVT-00463,2026-07-14T13:26:00,ST-FAS-07,TOOL-TG-07,CTRL-TG-07,DEMO-A,PGM-A-07,P03,BATCH-DEMO-03,A,48.458,93.593,6.395,4.766,0,OK,,18,normal
EVT-00464,2026-07-14T13:28:00,ST-FAS-07,TOOL-TG-07,CTRL-TG-07,DEMO-A,PGM-A-07,P03,BATCH-DEMO-03,A,48.342,94.579,6.385,4.97,0,OK,,18,normal
EVT-00465,2026-07-14T13:30:00,ST-FAS-07,TOOL-TG-07,CTRL-TG-07,DEMO-A,PGM-A-07,P03,BATCH-DEMO-03,A,47.481,97.538,6.423,4.987,0,OK,,18,normal
EVT-00466,2026-07-14T13:32:00,ST-FAS-07,TOOL-TG-07,CTRL-TG-07,DEMO-A,PGM-A-07,P03,BATCH-DEMO-04,A,48.067,98.326,6.266,4.816,0,OK,,18,normal
EVT-00467,2026-07-14T13:34:00,ST-FAS-07,TOOL-TG-07,CTRL-TG-07,DEMO-A,PGM-A-07,P03,BATCH-DEMO-04,A,48.167,95.003,6.502,4.677,0,OK,,18,normal
EVT-00468,2026-07-14T13:36:00,ST-FAS-07,TOOL-TG-07,CTRL-TG-07,DEMO-A,PGM-A-07,P03,BATCH-DEMO-04,A,47.944,97.162,6.413,4.705,0,OK,,18,normal
EVT-00469,2026-07-14T13:38:00,ST-FAS-07,TOOL-TG-07,CTRL-TG-07,DEMO-A,PGM-A-07,P03,BATCH-DEMO-04,A,47.658,96.281,6.384,4.803,0,OK,,17,normal
EVT-00470,2026-07-14T13:40:00,ST-FAS-07,TOOL-TG-07,CTRL-TG-07,DEMO-A,PGM-A-07,P03,BATCH-DEMO-04,A,46.969,96.762,6.311,4.715,0,OK,,17,normal
EVT-00471,2026-07-14T13:42:00,ST-FAS-07,TOOL-TG-07,CTRL-TG-07,DEMO-A,PGM-A-07,P03,BATCH-DEMO-04,A,47.21,97.341,6.561,4.749,0,OK,,17,normal
EVT-00472,2026-07-14T13:44:00,ST-FAS-07,TOOL-TG-07,CTRL-TG-07,DEMO-A,PGM-A-07,P03,BATCH-DEMO-04,A,47.767,95.113,6.52,4.795,0,OK,,17,normal
EVT-00473,2026-07-14T13:46:00,ST-FAS-07,TOOL-TG-07,CTRL-TG-07,DEMO-A,PGM-A-07,P03,BATCH-DEMO-04,A,47.94,96.584,6.424,4.712,0,OK,,17,normal
EVT-00474,2026-07-14T13:48:00,ST-FAS-07,TOOL-TG-07,CTRL-TG-07,DEMO-A,PGM-A-07,P03,BATCH-DEMO-04,A,47.57,95.828,6.476,4.791,0,OK,,17,normal
EVT-00475,2026-07-14T13:50:00,ST-FAS-07,TOOL-TG-07,CTRL-TG-07,DEMO-A,PGM-A-07,P03,BATCH-DEMO-04,A,47.442,96.009,6.453,4.719,0,OK,,16,normal
EVT-00476,2026-07-14T13:52:00,ST-FAS-07,TOOL-TG-07,CTRL-TG-07,DEMO-A,PGM-A-07,P03,BATCH-DEMO-04,A,47.773,94.057,6.28,4.799,0,OK,,16,normal
EVT-00477,2026-07-14T13:54:00,ST-FAS-07,TOOL-TG-07,CTRL-TG-07,DEMO-A,PGM-A-07,P03,BATCH-DEMO-04,A,48.306,92.053,6.483,4.867,0,OK,,16,normal
EVT-00478,2026-07-14T13:56:00,ST-FAS-07,TOOL-TG-07,CTRL-TG-07,DEMO-A,PGM-A-07,P03,BATCH-DEMO-04,A,48.621,96.701,6.305,4.918,0,OK,,16,normal
EVT-00479,2026-07-14T13:58:00,ST-FAS-07,TOOL-TG-07,CTRL-TG-07,DEMO-A,PGM-A-07,P03,BATCH-DEMO-04,A,48.994,92.731,6.355,4.749,0,OK,,16,normal
EVT-00480,2026-07-14T14:00:00,ST-FAS-07,TOOL-TG-07,CTRL-TG-07,DEMO-A,PGM-A-07,P03,BATCH-DEMO-04,A,48.385,94.861,6.335,4.655,0,OK,,16,normal
EVT-00481,2026-07-14T14:02:00,ST-FAS-07,TOOL-TG-07,CTRL-TG-07,DEMO-A,PGM-A-07,P03,BATCH-DEMO-04,A,48.145,94.591,6.485,4.744,0,OK,,15,normal
EVT-00482,2026-07-14T14:04:00,ST-FAS-07,TOOL-TG-07,CTRL-TG-07,DEMO-A,PGM-A-07,P03,BATCH-DEMO-04,A,49.14,93.626,6.491,4.635,0,OK,,15,normal
EVT-00483,2026-07-14T14:06:00,ST-FAS-07,TOOL-TG-07,CTRL-TG-07,DEMO-A,PGM-A-07,P03,BATCH-DEMO-04,A,48.122,93.676,6.485,4.728,0,OK,,15,normal
EVT-00484,2026-07-14T14:08:00,ST-FAS-07,TOOL-TG-07,CTRL-TG-07,DEMO-A,PGM-A-07,P03,BATCH-DEMO-04,A,48.477,95.9,6.292,4.715,0,OK,,15,normal
EVT-00485,2026-07-14T14:10:00,ST-FAS-07,TOOL-TG-07,CTRL-TG-07,DEMO-A,PGM-A-07,P03,BATCH-DEMO-04,A,47.891,94.754,6.632,4.927,0,OK,,15,hidden_risk
EVT-00486,2026-07-14T14:12:00,ST-FAS-07,TOOL-TG-07,CTRL-TG-07,DEMO-A,PGM-A-07,P03,BATCH-DEMO-04,A,48.579,94.378,6.394,4.798,0,OK,,15,hidden_risk
EVT-00487,2026-07-14T14:14:00,ST-FAS-07,TOOL-TG-07,CTRL-TG-07,DEMO-A,PGM-A-07,P03,BATCH-DEMO-04,A,48.076,100.389,6.544,4.887,0,OK,,14,hidden_risk
EVT-00488,2026-07-14T14:16:00,ST-FAS-07,TOOL-TG-07,CTRL-TG-07,DEMO-A,PGM-A-07,P03,BATCH-DEMO-04,A,48.196,96.426,6.459,4.704,0,OK,,14,hidden_risk
EVT-00489,2026-07-14T14:18:00,ST-FAS-07,TOOL-TG-07,CTRL-TG-07,DEMO-A,PGM-A-07,P03,BATCH-DEMO-04,A,48.388,95.129,6.413,4.694,0,OK,,14,hidden_risk
EVT-00490,2026-07-14T14:20:00,ST-FAS-07,TOOL-TG-07,CTRL-TG-07,DEMO-A,PGM-A-07,P03,BATCH-DEMO-04,A,49.015,93.814,6.513,4.852,0,OK,,14,hidden_risk
EVT-00491,2026-07-14T14:22:00,ST-FAS-07,TOOL-TG-07,CTRL-TG-07,DEMO-A,PGM-A-07,P03,BATCH-DEMO-04,A,48.497,93.741,6.619,4.692,0,OK,,14,hidden_risk
EVT-00492,2026-07-14T14:24:00,ST-FAS-07,TOOL-TG-07,CTRL-TG-07,DEMO-A,PGM-A-07,P03,BATCH-DEMO-04,A,48.937,96.979,6.409,4.844,0,OK,,14,hidden_risk
EVT-00493,2026-07-14T14:26:00,ST-FAS-07,TOOL-TG-07,CTRL-TG-07,DEMO-A,PGM-A-07,P03,BATCH-DEMO-04,A,48.234,92.254,6.408,4.818,0,OK,,13,hidden_risk
EVT-00494,2026-07-14T14:28:00,ST-FAS-07,TOOL-TG-07,CTRL-TG-07,DEMO-A,PGM-A-07,P03,BATCH-DEMO-04,A,48.231,88.801,6.455,4.873,0,OK,,13,hidden_risk
EVT-00495,2026-07-14T14:30:00,ST-FAS-07,TOOL-TG-07,CTRL-TG-07,DEMO-A,PGM-A-07,P03,BATCH-DEMO-04,A,47.6,97.507,6.602,4.948,0,OK,,13,hidden_risk
EVT-00496,2026-07-14T14:32:00,ST-FAS-07,TOOL-TG-07,CTRL-TG-07,DEMO-A,PGM-A-07,P03,BATCH-DEMO-04,A,47.266,94.619,6.592,5.049,1,OK,,13,hidden_risk
EVT-00497,2026-07-14T14:34:00,ST-FAS-07,TOOL-TG-07,CTRL-TG-07,DEMO-A,PGM-A-07,P03,BATCH-DEMO-04,A,48.124,94.848,6.708,4.763,0,OK,,13,hidden_risk
EVT-00498,2026-07-14T14:36:00,ST-FAS-07,TOOL-TG-07,CTRL-TG-07,DEMO-A,PGM-A-07,P03,BATCH-DEMO-04,A,48.652,95.82,6.398,5.071,0,OK,,13,hidden_risk
EVT-00499,2026-07-14T14:38:00,ST-FAS-07,TOOL-TG-07,CTRL-TG-07,DEMO-A,PGM-A-07,P03,BATCH-DEMO-04,A,50.224,89.758,6.74,4.986,0,OK,,12,hidden_risk
EVT-00500,2026-07-14T14:40:00,ST-FAS-07,TOOL-TG-07,CTRL-TG-07,DEMO-A,PGM-A-07,P03,BATCH-DEMO-04,A,48.896,95.735,6.552,4.948,0,OK,,12,hidden_risk
EVT-00501,2026-07-14T14:42:00,ST-FAS-07,TOOL-TG-07,CTRL-TG-07,DEMO-A,PGM-A-07,P03,BATCH-DEMO-04,A,48.946,91.76,6.488,4.838,0,OK,,12,hidden_risk
EVT-00502,2026-07-14T14:44:00,ST-FAS-07,TOOL-TG-07,CTRL-TG-07,DEMO-A,PGM-A-07,P03,BATCH-DEMO-04,A,49.263,99.452,6.35,4.847,1,OK,,12,hidden_risk
EVT-00503,2026-07-14T14:46:00,ST-FAS-07,TOOL-TG-07,CTRL-TG-07,DEMO-A,PGM-A-07,P03,BATCH-DEMO-04,A,49.865,95.566,6.526,5.014,0,OK,,12,hidden_risk
EVT-00504,2026-07-14T14:48:00,ST-FAS-07,TOOL-TG-07,CTRL-TG-07,DEMO-A,PGM-A-07,P03,BATCH-DEMO-04,A,49.144,89.759,6.682,4.82,0,OK,,12,hidden_risk
EVT-00505,2026-07-14T14:50:00,ST-FAS-07,TOOL-TG-07,CTRL-TG-07,DEMO-A,PGM-A-07,P03,BATCH-DEMO-04,A,48.787,93.307,6.381,4.794,0,OK,,11,hidden_risk
EVT-00506,2026-07-14T14:52:00,ST-FAS-07,TOOL-TG-07,CTRL-TG-07,DEMO-A,PGM-A-07,P03,BATCH-DEMO-04,A,48.932,89.45,6.665,4.946,0,OK,,11,hidden_risk
EVT-00507,2026-07-14T14:54:00,ST-FAS-07,TOOL-TG-07,CTRL-TG-07,DEMO-A,PGM-A-07,P03,BATCH-DEMO-04,A,49.393,94.967,6.685,4.965,0,OK,,11,hidden_risk
EVT-00508,2026-07-14T14:56:00,ST-FAS-07,TOOL-TG-07,CTRL-TG-07,DEMO-A,PGM-A-07,P03,BATCH-DEMO-04,A,49.124,94.05,6.653,4.823,0,OK,,11,hidden_risk
EVT-00509,2026-07-14T14:58:00,ST-FAS-07,TOOL-TG-07,CTRL-TG-07,DEMO-A,PGM-A-07,P03,BATCH-DEMO-04,A,48.786,88.525,6.55,4.976,1,OK,,11,hidden_risk
EVT-00510,2026-07-14T15:00:00,ST-FAS-07,TOOL-TG-07,CTRL-TG-07,DEMO-A,PGM-A-07,P03,BATCH-DEMO-04,A,49.121,91.262,6.564,5.02,0,OK,,11,hidden_risk
EVT-00511,2026-07-14T15:02:00,ST-FAS-07,TOOL-TG-07,CTRL-TG-07,DEMO-A,PGM-A-07,P03,BATCH-DEMO-04,A,48.844,95.589,6.724,5.097,0,OK,,10,hidden_risk
EVT-00512,2026-07-14T15:04:00,ST-FAS-07,TOOL-TG-07,CTRL-TG-07,DEMO-A,PGM-A-07,P03,BATCH-DEMO-04,A,49.107,99.147,6.557,5.076,0,OK,,10,hidden_risk
EVT-00513,2026-07-14T15:06:00,ST-FAS-07,TOOL-TG-07,CTRL-TG-07,DEMO-A,PGM-A-07,P03,BATCH-DEMO-04,A,49.821,85.715,6.827,4.76,0,OK,,10,hidden_risk
EVT-00514,2026-07-14T15:08:00,ST-FAS-07,TOOL-TG-07,CTRL-TG-07,DEMO-A,PGM-A-07,P03,BATCH-DEMO-04,A,49.567,86.406,6.882,4.987,1,OK,,10,hidden_risk
EVT-00515,2026-07-14T15:10:00,ST-FAS-07,TOOL-TG-07,CTRL-TG-07,DEMO-A,PGM-A-07,P03,BATCH-DEMO-04,A,48.425,90.491,6.678,4.991,1,OK,,10,hidden_risk
EVT-00516,2026-07-14T15:12:00,ST-FAS-07,TOOL-TG-07,CTRL-TG-07,DEMO-A,PGM-A-07,P03,BATCH-DEMO-04,A,47.796,86.475,6.856,4.962,1,OK,,10,hidden_risk
EVT-00517,2026-07-14T15:14:00,ST-FAS-07,TOOL-TG-07,CTRL-TG-07,DEMO-A,PGM-A-07,P03,BATCH-DEMO-04,A,49.569,104.705,6.676,5.0,0,OK,,9,hidden_risk
EVT-00518,2026-07-14T15:16:00,ST-FAS-07,TOOL-TG-07,CTRL-TG-07,DEMO-A,PGM-A-07,P03,BATCH-DEMO-04,A,50.22,87.729,6.749,4.935,0,OK,,9,hidden_risk
EVT-00519,2026-07-14T15:18:00,ST-FAS-07,TOOL-TG-07,CTRL-TG-07,DEMO-A,PGM-A-07,P03,BATCH-DEMO-04,A,48.716,97.202,6.625,4.785,1,OK,,9,hidden_risk
EVT-00520,2026-07-14T15:20:00,ST-FAS-07,TOOL-TG-07,CTRL-TG-07,DEMO-A,PGM-A-07,P03,BATCH-DEMO-04,A,48.737,93.705,6.766,5.065,0,OK,,9,hidden_risk
